<?xml version="1.0" encoding="Windows-1252"?>
<!DOCTYPE POWERMART SYSTEM "powrmart.dtd">
<POWERMART CREATION_DATE="03/05/2024 17:25:57" REPOSITORY_VERSION="187.96">
<REPOSITORY NAME="INFA_REP" VERSION="187" CODEPAGE="MS1252" DATABASETYPE="Microsoft SQL Server">
<FOLDER NAME="capstone" GROUP="" OWNER="Administrator" SHARED="NOTSHARED" DESCRIPTION="" PERMISSIONS="rwx---r--" UUID="562f65b4-2b1e-46e2-a8c0-9f89341bc752">
    <SOURCE BUSINESSNAME ="" DATABASETYPE ="Microsoft SQL Server" DBDNAME ="Capstone" DESCRIPTION ="" NAME ="STG_Andhra_Health_data" OBJECTVERSION ="1" OWNERNAME ="dbo" VERSIONNUMBER ="1">
        <SOURCEFIELD BUSINESSNAME ="" DATATYPE ="int" DESCRIPTION ="" FIELDNUMBER ="1" FIELDPROPERTY ="0" FIELDTYPE ="ELEMITEM" HIDDEN ="NO" KEYTYPE ="PRIMARY KEY" LENGTH ="11" LEVEL ="0" NAME ="Sno" NULLABLE ="NOTNULL" OCCURS ="0" OFFSET ="0" PHYSICALLENGTH ="10" PHYSICALOFFSET ="0" PICTURETEXT ="" PRECISION ="10" SCALE ="0" USAGE_FLAGS =""/>
        <SOURCEFIELD BUSINESSNAME ="" DATATYPE ="int" DESCRIPTION ="" FIELDNUMBER ="2" FIELDPROPERTY ="0" FIELDTYPE ="ELEMITEM" HIDDEN ="NO" KEYTYPE ="NOT A KEY" LENGTH ="11" LEVEL ="0" NAME ="AGE" NULLABLE ="NULL" OCCURS ="0" OFFSET ="11" PHYSICALLENGTH ="10" PHYSICALOFFSET ="10" PICTURETEXT ="" PRECISION ="10" SCALE ="0" USAGE_FLAGS =""/>
        <SOURCEFIELD BUSINESSNAME ="" DATATYPE ="varchar" DESCRIPTION ="" FIELDNUMBER ="3" FIELDPROPERTY ="0" FIELDTYPE ="ELEMITEM" HIDDEN ="NO" KEYTYPE ="NOT A KEY" LENGTH ="0" LEVEL ="0" NAME ="SEX" NULLABLE ="NULL" OCCURS ="0" OFFSET ="22" PHYSICALLENGTH ="10" PHYSICALOFFSET ="20" PICTURETEXT ="" PRECISION ="10" SCALE ="0" USAGE_FLAGS =""/>
        <SOURCEFIELD BUSINESSNAME ="" DATATYPE ="varchar" DESCRIPTION ="" FIELDNUMBER ="4" FIELDPROPERTY ="0" FIELDTYPE ="ELEMITEM" HIDDEN ="NO" KEYTYPE ="NOT A KEY" LENGTH ="0" LEVEL ="0" NAME ="CASTE_NAME" NULLABLE ="NULL" OCCURS ="0" OFFSET ="22" PHYSICALLENGTH ="50" PHYSICALOFFSET ="30" PICTURETEXT ="" PRECISION ="50" SCALE ="0" USAGE_FLAGS =""/>
        <SOURCEFIELD BUSINESSNAME ="" DATATYPE ="varchar" DESCRIPTION ="" FIELDNUMBER ="5" FIELDPROPERTY ="0" FIELDTYPE ="ELEMITEM" HIDDEN ="NO" KEYTYPE ="NOT A KEY" LENGTH ="0" LEVEL ="0" NAME ="CATEGORY_CODE" NULLABLE ="NULL" OCCURS ="0" OFFSET ="22" PHYSICALLENGTH ="50" PHYSICALOFFSET ="80" PICTURETEXT ="" PRECISION ="50" SCALE ="0" USAGE_FLAGS =""/>
        <SOURCEFIELD BUSINESSNAME ="" DATATYPE ="varchar" DESCRIPTION ="" FIELDNUMBER ="6" FIELDPROPERTY ="0" FIELDTYPE ="ELEMITEM" HIDDEN ="NO" KEYTYPE ="NOT A KEY" LENGTH ="0" LEVEL ="0" NAME ="CATEGORY_NAME" NULLABLE ="NULL" OCCURS ="0" OFFSET ="22" PHYSICALLENGTH ="255" PHYSICALOFFSET ="130" PICTURETEXT ="" PRECISION ="255" SCALE ="0" USAGE_FLAGS =""/>
        <SOURCEFIELD BUSINESSNAME ="" DATATYPE ="varchar" DESCRIPTION ="" FIELDNUMBER ="7" FIELDPROPERTY ="0" FIELDTYPE ="ELEMITEM" HIDDEN ="NO" KEYTYPE ="NOT A KEY" LENGTH ="0" LEVEL ="0" NAME ="SURGERY_CODE" NULLABLE ="NULL" OCCURS ="0" OFFSET ="22" PHYSICALLENGTH ="50" PHYSICALOFFSET ="385" PICTURETEXT ="" PRECISION ="50" SCALE ="0" USAGE_FLAGS =""/>
        <SOURCEFIELD BUSINESSNAME ="" DATATYPE ="varchar" DESCRIPTION ="" FIELDNUMBER ="8" FIELDPROPERTY ="0" FIELDTYPE ="ELEMITEM" HIDDEN ="NO" KEYTYPE ="NOT A KEY" LENGTH ="0" LEVEL ="0" NAME ="SURGERY" NULLABLE ="NULL" OCCURS ="0" OFFSET ="22" PHYSICALLENGTH ="255" PHYSICALOFFSET ="435" PICTURETEXT ="" PRECISION ="255" SCALE ="0" USAGE_FLAGS =""/>
        <SOURCEFIELD BUSINESSNAME ="" DATATYPE ="varchar" DESCRIPTION ="" FIELDNUMBER ="9" FIELDPROPERTY ="0" FIELDTYPE ="ELEMITEM" HIDDEN ="NO" KEYTYPE ="NOT A KEY" LENGTH ="0" LEVEL ="0" NAME ="VILLAGE" NULLABLE ="NULL" OCCURS ="0" OFFSET ="22" PHYSICALLENGTH ="255" PHYSICALOFFSET ="690" PICTURETEXT ="" PRECISION ="255" SCALE ="0" USAGE_FLAGS =""/>
        <SOURCEFIELD BUSINESSNAME ="" DATATYPE ="varchar" DESCRIPTION ="" FIELDNUMBER ="10" FIELDPROPERTY ="0" FIELDTYPE ="ELEMITEM" HIDDEN ="NO" KEYTYPE ="NOT A KEY" LENGTH ="0" LEVEL ="0" NAME ="MANDAL_NAME" NULLABLE ="NULL" OCCURS ="0" OFFSET ="22" PHYSICALLENGTH ="255" PHYSICALOFFSET ="945" PICTURETEXT ="" PRECISION ="255" SCALE ="0" USAGE_FLAGS =""/>
        <SOURCEFIELD BUSINESSNAME ="" DATATYPE ="varchar" DESCRIPTION ="" FIELDNUMBER ="11" FIELDPROPERTY ="0" FIELDTYPE ="ELEMITEM" HIDDEN ="NO" KEYTYPE ="NOT A KEY" LENGTH ="0" LEVEL ="0" NAME ="DISTRICT_NAME" NULLABLE ="NULL" OCCURS ="0" OFFSET ="22" PHYSICALLENGTH ="255" PHYSICALOFFSET ="1200" PICTURETEXT ="" PRECISION ="255" SCALE ="0" USAGE_FLAGS =""/>
        <SOURCEFIELD BUSINESSNAME ="" DATATYPE ="datetime" DESCRIPTION ="" FIELDNUMBER ="12" FIELDPROPERTY ="0" FIELDTYPE ="ELEMITEM" HIDDEN ="NO" KEYTYPE ="NOT A KEY" LENGTH ="19" LEVEL ="0" NAME ="PREAUTH_DATE" NULLABLE ="NULL" OCCURS ="0" OFFSET ="22" PHYSICALLENGTH ="23" PHYSICALOFFSET ="1455" PICTURETEXT ="" PRECISION ="23" SCALE ="3" USAGE_FLAGS =""/>
        <SOURCEFIELD BUSINESSNAME ="" DATATYPE ="decimal" DESCRIPTION ="" FIELDNUMBER ="13" FIELDPROPERTY ="0" FIELDTYPE ="ELEMITEM" HIDDEN ="NO" KEYTYPE ="NOT A KEY" LENGTH ="12" LEVEL ="0" NAME ="PREAUTH_AMT" NULLABLE ="NULL" OCCURS ="0" OFFSET ="41" PHYSICALLENGTH ="10" PHYSICALOFFSET ="1478" PICTURETEXT ="" PRECISION ="10" SCALE ="2" USAGE_FLAGS =""/>
        <SOURCEFIELD BUSINESSNAME ="" DATATYPE ="datetime" DESCRIPTION ="" FIELDNUMBER ="14" FIELDPROPERTY ="0" FIELDTYPE ="ELEMITEM" HIDDEN ="NO" KEYTYPE ="NOT A KEY" LENGTH ="19" LEVEL ="0" NAME ="CLAIM_DATE" NULLABLE ="NULL" OCCURS ="0" OFFSET ="53" PHYSICALLENGTH ="23" PHYSICALOFFSET ="1488" PICTURETEXT ="" PRECISION ="23" SCALE ="3" USAGE_FLAGS =""/>
        <SOURCEFIELD BUSINESSNAME ="" DATATYPE ="decimal" DESCRIPTION ="" FIELDNUMBER ="15" FIELDPROPERTY ="0" FIELDTYPE ="ELEMITEM" HIDDEN ="NO" KEYTYPE ="NOT A KEY" LENGTH ="12" LEVEL ="0" NAME ="CLAIM_AMOUNT" NULLABLE ="NULL" OCCURS ="0" OFFSET ="72" PHYSICALLENGTH ="10" PHYSICALOFFSET ="1511" PICTURETEXT ="" PRECISION ="10" SCALE ="2" USAGE_FLAGS =""/>
        <SOURCEFIELD BUSINESSNAME ="" DATATYPE ="varchar" DESCRIPTION ="" FIELDNUMBER ="16" FIELDPROPERTY ="0" FIELDTYPE ="ELEMITEM" HIDDEN ="NO" KEYTYPE ="NOT A KEY" LENGTH ="0" LEVEL ="0" NAME ="HOSP_NAME" NULLABLE ="NULL" OCCURS ="0" OFFSET ="84" PHYSICALLENGTH ="255" PHYSICALOFFSET ="1521" PICTURETEXT ="" PRECISION ="255" SCALE ="0" USAGE_FLAGS =""/>
        <SOURCEFIELD BUSINESSNAME ="" DATATYPE ="varchar" DESCRIPTION ="" FIELDNUMBER ="17" FIELDPROPERTY ="0" FIELDTYPE ="ELEMITEM" HIDDEN ="NO" KEYTYPE ="NOT A KEY" LENGTH ="0" LEVEL ="0" NAME ="HOSP_TYPE" NULLABLE ="NULL" OCCURS ="0" OFFSET ="84" PHYSICALLENGTH ="50" PHYSICALOFFSET ="1776" PICTURETEXT ="" PRECISION ="50" SCALE ="0" USAGE_FLAGS =""/>
        <SOURCEFIELD BUSINESSNAME ="" DATATYPE ="varchar" DESCRIPTION ="" FIELDNUMBER ="18" FIELDPROPERTY ="0" FIELDTYPE ="ELEMITEM" HIDDEN ="NO" KEYTYPE ="NOT A KEY" LENGTH ="0" LEVEL ="0" NAME ="HOSP_DISTRICT" NULLABLE ="NULL" OCCURS ="0" OFFSET ="84" PHYSICALLENGTH ="255" PHYSICALOFFSET ="1826" PICTURETEXT ="" PRECISION ="255" SCALE ="0" USAGE_FLAGS =""/>
        <SOURCEFIELD BUSINESSNAME ="" DATATYPE ="datetime" DESCRIPTION ="" FIELDNUMBER ="19" FIELDPROPERTY ="0" FIELDTYPE ="ELEMITEM" HIDDEN ="NO" KEYTYPE ="NOT A KEY" LENGTH ="19" LEVEL ="0" NAME ="SURGERY_DATE" NULLABLE ="NULL" OCCURS ="0" OFFSET ="84" PHYSICALLENGTH ="23" PHYSICALOFFSET ="2081" PICTURETEXT ="" PRECISION ="23" SCALE ="3" USAGE_FLAGS =""/>
        <SOURCEFIELD BUSINESSNAME ="" DATATYPE ="datetime" DESCRIPTION ="" FIELDNUMBER ="20" FIELDPROPERTY ="0" FIELDTYPE ="ELEMITEM" HIDDEN ="NO" KEYTYPE ="NOT A KEY" LENGTH ="19" LEVEL ="0" NAME ="DISCHARGE_DATE" NULLABLE ="NULL" OCCURS ="0" OFFSET ="103" PHYSICALLENGTH ="23" PHYSICALOFFSET ="2104" PICTURETEXT ="" PRECISION ="23" SCALE ="3" USAGE_FLAGS =""/>
        <SOURCEFIELD BUSINESSNAME ="" DATATYPE ="char" DESCRIPTION ="" FIELDNUMBER ="21" FIELDPROPERTY ="0" FIELDTYPE ="ELEMITEM" HIDDEN ="NO" KEYTYPE ="NOT A KEY" LENGTH ="0" LEVEL ="0" NAME ="Mortality" NULLABLE ="NULL" OCCURS ="0" OFFSET ="122" PHYSICALLENGTH ="1" PHYSICALOFFSET ="2127" PICTURETEXT ="" PRECISION ="1" SCALE ="0" USAGE_FLAGS =""/>
        <SOURCEFIELD BUSINESSNAME ="" DATATYPE ="datetime" DESCRIPTION ="" FIELDNUMBER ="22" FIELDPROPERTY ="0" FIELDTYPE ="ELEMITEM" HIDDEN ="NO" KEYTYPE ="NOT A KEY" LENGTH ="19" LEVEL ="0" NAME ="MORTALITY_DATE" NULLABLE ="NULL" OCCURS ="0" OFFSET ="122" PHYSICALLENGTH ="23" PHYSICALOFFSET ="2128" PICTURETEXT ="" PRECISION ="23" SCALE ="3" USAGE_FLAGS =""/>
        <SOURCEFIELD BUSINESSNAME ="" DATATYPE ="varchar" DESCRIPTION ="" FIELDNUMBER ="23" FIELDPROPERTY ="0" FIELDTYPE ="ELEMITEM" HIDDEN ="NO" KEYTYPE ="NOT A KEY" LENGTH ="0" LEVEL ="0" NAME ="SRC_REGISTRATION" NULLABLE ="NULL" OCCURS ="0" OFFSET ="141" PHYSICALLENGTH ="255" PHYSICALOFFSET ="2151" PICTURETEXT ="" PRECISION ="255" SCALE ="0" USAGE_FLAGS =""/>
    </SOURCE>
    <TARGET BUSINESSNAME ="" CONSTRAINT ="" DATABASETYPE ="Microsoft SQL Server" DESCRIPTION ="" NAME ="DIM_Hospital" OBJECTVERSION ="1" TABLEOPTIONS ="" VERSIONNUMBER ="1">
        <TARGETFIELD BUSINESSNAME ="" DATATYPE ="int" DESCRIPTION ="" FIELDNUMBER ="1" KEYTYPE ="PRIMARY KEY" NAME ="Hosp_Key" NULLABLE ="NOTNULL" PICTURETEXT ="" PRECISION ="10" SCALE ="0"/>
        <TARGETFIELD BUSINESSNAME ="" DATATYPE ="varchar" DESCRIPTION ="" FIELDNUMBER ="2" KEYTYPE ="NOT A KEY" NAME ="HOSP_NAME" NULLABLE ="NULL" PICTURETEXT ="" PRECISION ="255" SCALE ="0"/>
        <TARGETFIELD BUSINESSNAME ="" DATATYPE ="varchar" DESCRIPTION ="" FIELDNUMBER ="3" KEYTYPE ="NOT A KEY" NAME ="HOSP_TYPE" NULLABLE ="NULL" PICTURETEXT ="" PRECISION ="50" SCALE ="0"/>
        <TARGETFIELD BUSINESSNAME ="" DATATYPE ="varchar" DESCRIPTION ="" FIELDNUMBER ="4" KEYTYPE ="NOT A KEY" NAME ="HOSP_DISTRICT" NULLABLE ="NULL" PICTURETEXT ="" PRECISION ="255" SCALE ="0"/>
        <TARGETFIELD BUSINESSNAME ="" DATATYPE ="datetime" DESCRIPTION ="" FIELDNUMBER ="5" KEYTYPE ="NOT A KEY" NAME ="create_date" NULLABLE ="NULL" PICTURETEXT ="" PRECISION ="23" SCALE ="3"/>
        <TARGETFIELD BUSINESSNAME ="" DATATYPE ="datetime" DESCRIPTION ="" FIELDNUMBER ="6" KEYTYPE ="NOT A KEY" NAME ="update_date" NULLABLE ="NULL" PICTURETEXT ="" PRECISION ="23" SCALE ="3"/>
    </TARGET>
    <MAPPING DESCRIPTION ="" ISVALID ="YES" NAME ="m_dim_hospital" OBJECTVERSION ="1" VERSIONNUMBER ="1">
        <TRANSFORMATION DESCRIPTION ="" NAME ="seq_dim_hospital" OBJECTVERSION ="1" REUSABLE ="NO" TYPE ="Sequence" VERSIONNUMBER ="1">
            <TRANSFORMFIELD DATATYPE ="bigint" DEFAULTVALUE ="ERROR(&apos;transformation error&apos;)" DESCRIPTION ="" NAME ="NEXTVAL" PICTURETEXT ="" PORTTYPE ="OUTPUT" PRECISION ="19" SCALE ="0"/>
            <TRANSFORMFIELD DATATYPE ="bigint" DEFAULTVALUE ="ERROR(&apos;transformation error&apos;)" DESCRIPTION ="" NAME ="CURRVAL" PICTURETEXT ="" PORTTYPE ="OUTPUT" PRECISION ="19" SCALE ="0"/>
            <TABLEATTRIBUTE NAME ="Start Value" VALUE ="1"/>
            <TABLEATTRIBUTE NAME ="Increment By" VALUE ="1"/>
            <TABLEATTRIBUTE NAME ="End Value" VALUE ="9223372036854775807"/>
            <TABLEATTRIBUTE NAME ="Current Value" VALUE ="1404"/>
            <TABLEATTRIBUTE NAME ="Cycle" VALUE ="NO"/>
            <TABLEATTRIBUTE NAME ="Number of Cached Values" VALUE ="0"/>
            <TABLEATTRIBUTE NAME ="Reset" VALUE ="NO"/>
            <TABLEATTRIBUTE NAME ="Is Current Value Shared" VALUE ="NO"/>
            <TABLEATTRIBUTE NAME ="Tracing Level" VALUE ="Normal"/>
        </TRANSFORMATION>
        <TRANSFORMATION DESCRIPTION ="" NAME ="udp_dim_hospital" OBJECTVERSION ="1" REUSABLE ="NO" TYPE ="Update Strategy" VERSIONNUMBER ="1">
            <TRANSFORMFIELD DATATYPE ="integer" DEFAULTVALUE ="" DESCRIPTION ="" NAME ="Hosp_Key_lkp3" PICTURETEXT ="" PORTTYPE ="INPUT/OUTPUT" PRECISION ="10" SCALE ="0"/>
            <TRANSFORMFIELD DATATYPE ="string" DEFAULTVALUE ="" DESCRIPTION ="" NAME ="HOSP_NAME3" PICTURETEXT ="" PORTTYPE ="INPUT/OUTPUT" PRECISION ="77" SCALE ="0"/>
            <TRANSFORMFIELD DATATYPE ="string" DEFAULTVALUE ="" DESCRIPTION ="" NAME ="HOSP_TYPE3" PICTURETEXT ="" PORTTYPE ="INPUT/OUTPUT" PRECISION ="1" SCALE ="0"/>
            <TRANSFORMFIELD DATATYPE ="string" DEFAULTVALUE ="" DESCRIPTION ="" NAME ="HOSP_DISTRICT3" PICTURETEXT ="" PORTTYPE ="INPUT/OUTPUT" PRECISION ="14" SCALE ="0"/>
            <TRANSFORMFIELD DATATYPE ="date/time" DEFAULTVALUE ="" DESCRIPTION ="" NAME ="time3" PICTURETEXT ="" PORTTYPE ="INPUT/OUTPUT" PRECISION ="29" SCALE ="9"/>
            <TABLEATTRIBUTE NAME ="Update Strategy Expression" VALUE ="1"/>
            <TABLEATTRIBUTE NAME ="Forward Rejected Rows" VALUE ="YES"/>
            <TABLEATTRIBUTE NAME ="Tracing Level" VALUE ="Normal"/>
        </TRANSFORMATION>
        <TRANSFORMATION DESCRIPTION ="" NAME ="str_dim_hospital" OBJECTVERSION ="1" REUSABLE ="NO" TYPE ="Sorter" VERSIONNUMBER ="1">
            <TRANSFORMFIELD DATATYPE ="string" DEFAULTVALUE ="" DESCRIPTION ="" ISSORTKEY ="YES" NAME ="HOSP_NAME" PICTURETEXT ="" PORTTYPE ="INPUT/OUTPUT" PRECISION ="255" SCALE ="0" SORTDIRECTION ="ASCENDING"/>
            <TRANSFORMFIELD DATATYPE ="string" DEFAULTVALUE ="" DESCRIPTION ="" ISSORTKEY ="YES" NAME ="HOSP_TYPE" PICTURETEXT ="" PORTTYPE ="INPUT/OUTPUT" PRECISION ="50" SCALE ="0" SORTDIRECTION ="ASCENDING"/>
            <TRANSFORMFIELD DATATYPE ="string" DEFAULTVALUE ="" DESCRIPTION ="" ISSORTKEY ="YES" NAME ="HOSP_DISTRICT" PICTURETEXT ="" PORTTYPE ="INPUT/OUTPUT" PRECISION ="255" SCALE ="0" SORTDIRECTION ="ASCENDING"/>
            <TABLEATTRIBUTE NAME ="Sorter Cache Size" VALUE ="Auto"/>
            <TABLEATTRIBUTE NAME ="Case Sensitive" VALUE ="YES"/>
            <TABLEATTRIBUTE NAME ="Work Directory" VALUE ="$PMTempDir"/>
            <TABLEATTRIBUTE NAME ="Distinct" VALUE ="YES"/>
            <TABLEATTRIBUTE NAME ="Tracing Level" VALUE ="Normal"/>
            <TABLEATTRIBUTE NAME ="Null Treated Low" VALUE ="NO"/>
            <TABLEATTRIBUTE NAME ="Merge Only" VALUE ="NO"/>
            <TABLEATTRIBUTE NAME ="Partitioning" VALUE ="Order records for individual partitions"/>
            <TABLEATTRIBUTE NAME ="Transformation Scope" VALUE ="All Input"/>
        </TRANSFORMATION>
        <TRANSFORMATION DESCRIPTION ="" NAME ="exp_dim_hospital" OBJECTVERSION ="1" REUSABLE ="NO" TYPE ="Expression" VERSIONNUMBER ="1">
            <TRANSFORMFIELD DATATYPE ="string" DEFAULTVALUE ="" DESCRIPTION ="" EXPRESSION ="HOSP_NAME" EXPRESSIONTYPE ="GENERAL" NAME ="HOSP_NAME" PICTURETEXT ="" PORTTYPE ="INPUT/OUTPUT" PRECISION ="255" SCALE ="0"/>
            <TRANSFORMFIELD DATATYPE ="string" DEFAULTVALUE ="" DESCRIPTION ="" EXPRESSION ="HOSP_TYPE" EXPRESSIONTYPE ="GENERAL" NAME ="HOSP_TYPE" PICTURETEXT ="" PORTTYPE ="INPUT/OUTPUT" PRECISION ="50" SCALE ="0"/>
            <TRANSFORMFIELD DATATYPE ="string" DEFAULTVALUE ="" DESCRIPTION ="" EXPRESSION ="HOSP_DISTRICT" EXPRESSIONTYPE ="GENERAL" NAME ="HOSP_DISTRICT" PICTURETEXT ="" PORTTYPE ="INPUT/OUTPUT" PRECISION ="255" SCALE ="0"/>
            <TABLEATTRIBUTE NAME ="Tracing Level" VALUE ="Normal"/>
        </TRANSFORMATION>
        <TRANSFORMATION DESCRIPTION ="" NAME ="exp2_dim_hospital" OBJECTVERSION ="1" REUSABLE ="NO" TYPE ="Expression" VERSIONNUMBER ="1">
            <TRANSFORMFIELD DATATYPE ="string" DEFAULTVALUE ="" DESCRIPTION ="" EXPRESSION ="HOSP_NAME" EXPRESSIONTYPE ="GENERAL" NAME ="HOSP_NAME" PICTURETEXT ="" PORTTYPE ="INPUT/OUTPUT" PRECISION ="255" SCALE ="0"/>
            <TRANSFORMFIELD DATATYPE ="string" DEFAULTVALUE ="" DESCRIPTION ="" EXPRESSION ="HOSP_TYPE" EXPRESSIONTYPE ="GENERAL" NAME ="HOSP_TYPE" PICTURETEXT ="" PORTTYPE ="INPUT/OUTPUT" PRECISION ="50" SCALE ="0"/>
            <TRANSFORMFIELD DATATYPE ="string" DEFAULTVALUE ="" DESCRIPTION ="" EXPRESSION ="HOSP_DISTRICT" EXPRESSIONTYPE ="GENERAL" NAME ="HOSP_DISTRICT" PICTURETEXT ="" PORTTYPE ="INPUT/OUTPUT" PRECISION ="255" SCALE ="0"/>
            <TRANSFORMFIELD DATATYPE ="integer" DEFAULTVALUE ="" DESCRIPTION ="" EXPRESSION ="Hosp_Key" EXPRESSIONTYPE ="GENERAL" NAME ="Hosp_Key" PICTURETEXT ="" PORTTYPE ="INPUT/OUTPUT" PRECISION ="10" SCALE ="0"/>
            <TRANSFORMFIELD DATATYPE ="string" DEFAULTVALUE ="" DESCRIPTION ="" EXPRESSION ="HOSP_NAME_lkp" EXPRESSIONTYPE ="GENERAL" NAME ="HOSP_NAME_lkp" PICTURETEXT ="" PORTTYPE ="INPUT/OUTPUT" PRECISION ="255" SCALE ="0"/>
            <TRANSFORMFIELD DATATYPE ="string" DEFAULTVALUE ="" DESCRIPTION ="" EXPRESSION ="HOSP_TYPE_lkp" EXPRESSIONTYPE ="GENERAL" NAME ="HOSP_TYPE_lkp" PICTURETEXT ="" PORTTYPE ="INPUT/OUTPUT" PRECISION ="50" SCALE ="0"/>
            <TRANSFORMFIELD DATATYPE ="string" DEFAULTVALUE ="" DESCRIPTION ="" EXPRESSION ="HOSP_DISTRICT_lkp" EXPRESSIONTYPE ="GENERAL" NAME ="HOSP_DISTRICT_lkp" PICTURETEXT ="" PORTTYPE ="INPUT/OUTPUT" PRECISION ="255" SCALE ="0"/>
            <TRANSFORMFIELD DATATYPE ="string" DEFAULTVALUE ="ERROR(&apos;transformation error&apos;)" DESCRIPTION ="" EXPRESSION ="IIF(ISNULL(Hosp_Key), &apos;insert&apos;, IIF(HOSP_NAME_lkp != HOSP_NAME or  HOSP_TYPE_lkp != HOSP_TYPE or HOSP_DISTRICT_lkp != HOSP_DISTRICT , &apos;update&apos;, &apos;nochange&apos;))" EXPRESSIONTYPE ="GENERAL" NAME ="flag" PICTURETEXT ="" PORTTYPE ="OUTPUT" PRECISION ="10" SCALE ="0"/>
            <TRANSFORMFIELD DATATYPE ="date/time" DEFAULTVALUE ="ERROR(&apos;transformation error&apos;)" DESCRIPTION ="" EXPRESSION ="SYSTIMESTAMP()" EXPRESSIONTYPE ="GENERAL" NAME ="time" PICTURETEXT ="" PORTTYPE ="OUTPUT" PRECISION ="29" SCALE ="9"/>
            <TABLEATTRIBUTE NAME ="Tracing Level" VALUE ="Normal"/>
        </TRANSFORMATION>
        <TRANSFORMATION DESCRIPTION ="" NAME ="rtr_dim_hospital" OBJECTVERSION ="1" REUSABLE ="NO" TYPE ="Router" VERSIONNUMBER ="1">
            <GROUP DESCRIPTION ="" NAME ="INPUT" ORDER ="1" TYPE ="INPUT"/>
            <GROUP DESCRIPTION ="" EXPRESSION ="flag=&apos;insert&apos;" NAME ="Insert" ORDER ="2" TYPE ="OUTPUT"/>
            <GROUP DESCRIPTION ="Path for the data when none of the group conditions are satisfied." NAME ="DEFAULT1" ORDER ="4" TYPE ="OUTPUT/DEFAULT"/>
            <GROUP DESCRIPTION ="" EXPRESSION ="flag=&apos;update&apos;" NAME ="update" ORDER ="3" TYPE ="OUTPUT"/>
            <TRANSFORMFIELD DATATYPE ="string" DEFAULTVALUE ="" DESCRIPTION ="" GROUP ="INPUT" NAME ="HOSP_NAME" PICTURETEXT ="" PORTTYPE ="INPUT" PRECISION ="255" SCALE ="0"/>
            <TRANSFORMFIELD DATATYPE ="string" DEFAULTVALUE ="" DESCRIPTION ="" GROUP ="INPUT" NAME ="HOSP_TYPE" PICTURETEXT ="" PORTTYPE ="INPUT" PRECISION ="50" SCALE ="0"/>
            <TRANSFORMFIELD DATATYPE ="string" DEFAULTVALUE ="" DESCRIPTION ="" GROUP ="INPUT" NAME ="HOSP_DISTRICT" PICTURETEXT ="" PORTTYPE ="INPUT" PRECISION ="255" SCALE ="0"/>
            <TRANSFORMFIELD DATATYPE ="string" DEFAULTVALUE ="" DESCRIPTION ="" GROUP ="INPUT" NAME ="Hosp_key_lkp" PICTURETEXT ="" PORTTYPE ="INPUT" PRECISION ="10" SCALE ="0"/>
            <TRANSFORMFIELD DATATYPE ="string" DEFAULTVALUE ="" DESCRIPTION ="" GROUP ="INPUT" NAME ="flag" PICTURETEXT ="" PORTTYPE ="INPUT" PRECISION ="10" SCALE ="0"/>
            <TRANSFORMFIELD DATATYPE ="date/time" DEFAULTVALUE ="" DESCRIPTION ="" GROUP ="INPUT" NAME ="time" PICTURETEXT ="" PORTTYPE ="INPUT" PRECISION ="29" SCALE ="9"/>
            <TRANSFORMFIELD DATATYPE ="string" DEFAULTVALUE ="" DESCRIPTION ="" GROUP ="Insert" NAME ="HOSP_NAME1" PICTURETEXT ="" PORTTYPE ="OUTPUT" PRECISION ="255" REF_FIELD ="HOSP_NAME" SCALE ="0"/>
            <TRANSFORMFIELD DATATYPE ="string" DEFAULTVALUE ="" DESCRIPTION ="" GROUP ="Insert" NAME ="HOSP_TYPE1" PICTURETEXT ="" PORTTYPE ="OUTPUT" PRECISION ="50" REF_FIELD ="HOSP_TYPE" SCALE ="0"/>
            <TRANSFORMFIELD DATATYPE ="string" DEFAULTVALUE ="" DESCRIPTION ="" GROUP ="Insert" NAME ="HOSP_DISTRICT1" PICTURETEXT ="" PORTTYPE ="OUTPUT" PRECISION ="255" REF_FIELD ="HOSP_DISTRICT" SCALE ="0"/>
            <TRANSFORMFIELD DATATYPE ="string" DEFAULTVALUE ="" DESCRIPTION ="" GROUP ="Insert" NAME ="Hosp_key_lkp1" PICTURETEXT ="" PORTTYPE ="OUTPUT" PRECISION ="10" REF_FIELD ="Hosp_key_lkp" SCALE ="0"/>
            <TRANSFORMFIELD DATATYPE ="string" DEFAULTVALUE ="" DESCRIPTION ="" GROUP ="Insert" NAME ="flag1" PICTURETEXT ="" PORTTYPE ="OUTPUT" PRECISION ="10" REF_FIELD ="flag" SCALE ="0"/>
            <TRANSFORMFIELD DATATYPE ="date/time" DEFAULTVALUE ="" DESCRIPTION ="" GROUP ="Insert" NAME ="time1" PICTURETEXT ="" PORTTYPE ="OUTPUT" PRECISION ="29" REF_FIELD ="time" SCALE ="9"/>
            <TRANSFORMFIELD DATATYPE ="string" DEFAULTVALUE ="" DESCRIPTION ="" GROUP ="update" NAME ="HOSP_NAME3" PICTURETEXT ="" PORTTYPE ="OUTPUT" PRECISION ="255" REF_FIELD ="HOSP_NAME" SCALE ="0"/>
            <TRANSFORMFIELD DATATYPE ="string" DEFAULTVALUE ="" DESCRIPTION ="" GROUP ="update" NAME ="HOSP_TYPE3" PICTURETEXT ="" PORTTYPE ="OUTPUT" PRECISION ="50" REF_FIELD ="HOSP_TYPE" SCALE ="0"/>
            <TRANSFORMFIELD DATATYPE ="string" DEFAULTVALUE ="" DESCRIPTION ="" GROUP ="update" NAME ="HOSP_DISTRICT3" PICTURETEXT ="" PORTTYPE ="OUTPUT" PRECISION ="255" REF_FIELD ="HOSP_DISTRICT" SCALE ="0"/>
            <TRANSFORMFIELD DATATYPE ="string" DEFAULTVALUE ="" DESCRIPTION ="" GROUP ="update" NAME ="Hosp_key_lkp3" PICTURETEXT ="" PORTTYPE ="OUTPUT" PRECISION ="10" REF_FIELD ="Hosp_key_lkp" SCALE ="0"/>
            <TRANSFORMFIELD DATATYPE ="string" DEFAULTVALUE ="" DESCRIPTION ="" GROUP ="update" NAME ="flag3" PICTURETEXT ="" PORTTYPE ="OUTPUT" PRECISION ="10" REF_FIELD ="flag" SCALE ="0"/>
            <TRANSFORMFIELD DATATYPE ="date/time" DEFAULTVALUE ="" DESCRIPTION ="" GROUP ="update" NAME ="time3" PICTURETEXT ="" PORTTYPE ="OUTPUT" PRECISION ="29" REF_FIELD ="time" SCALE ="9"/>
            <TRANSFORMFIELD DATATYPE ="string" DEFAULTVALUE ="" DESCRIPTION ="" GROUP ="DEFAULT1" NAME ="HOSP_NAME2" PICTURETEXT ="" PORTTYPE ="OUTPUT" PRECISION ="255" REF_FIELD ="HOSP_NAME" SCALE ="0"/>
            <TRANSFORMFIELD DATATYPE ="string" DEFAULTVALUE ="" DESCRIPTION ="" GROUP ="DEFAULT1" NAME ="HOSP_TYPE2" PICTURETEXT ="" PORTTYPE ="OUTPUT" PRECISION ="50" REF_FIELD ="HOSP_TYPE" SCALE ="0"/>
            <TRANSFORMFIELD DATATYPE ="string" DEFAULTVALUE ="" DESCRIPTION ="" GROUP ="DEFAULT1" NAME ="HOSP_DISTRICT2" PICTURETEXT ="" PORTTYPE ="OUTPUT" PRECISION ="255" REF_FIELD ="HOSP_DISTRICT" SCALE ="0"/>
            <TRANSFORMFIELD DATATYPE ="string" DEFAULTVALUE ="" DESCRIPTION ="" GROUP ="DEFAULT1" NAME ="Hosp_key_lkp2" PICTURETEXT ="" PORTTYPE ="OUTPUT" PRECISION ="10" REF_FIELD ="Hosp_key_lkp" SCALE ="0"/>
            <TRANSFORMFIELD DATATYPE ="string" DEFAULTVALUE ="" DESCRIPTION ="" GROUP ="DEFAULT1" NAME ="flag2" PICTURETEXT ="" PORTTYPE ="OUTPUT" PRECISION ="10" REF_FIELD ="flag" SCALE ="0"/>
            <TRANSFORMFIELD DATATYPE ="date/time" DEFAULTVALUE ="" DESCRIPTION ="" GROUP ="DEFAULT1" NAME ="time2" PICTURETEXT ="" PORTTYPE ="OUTPUT" PRECISION ="29" REF_FIELD ="time" SCALE ="9"/>
            <TABLEATTRIBUTE NAME ="Tracing Level" VALUE ="Normal"/>
        </TRANSFORMATION>
        <TRANSFORMATION DESCRIPTION ="" NAME ="lkp_dim_hospital" OBJECTVERSION ="1" REUSABLE ="NO" TYPE ="Lookup Procedure" VERSIONNUMBER ="1">
            <TRANSFORMFIELD DATATYPE ="integer" DEFAULTVALUE ="" DESCRIPTION ="" NAME ="Hosp_Key" PICTURETEXT ="" PORTTYPE ="LOOKUP/OUTPUT" PRECISION ="10" SCALE ="0"/>
            <TRANSFORMFIELD DATATYPE ="string" DEFAULTVALUE ="" DESCRIPTION ="" NAME ="HOSP_NAME" PICTURETEXT ="" PORTTYPE ="LOOKUP/OUTPUT" PRECISION ="255" SCALE ="0"/>
            <TRANSFORMFIELD DATATYPE ="string" DEFAULTVALUE ="" DESCRIPTION ="" NAME ="HOSP_TYPE" PICTURETEXT ="" PORTTYPE ="LOOKUP/OUTPUT" PRECISION ="50" SCALE ="0"/>
            <TRANSFORMFIELD DATATYPE ="string" DEFAULTVALUE ="" DESCRIPTION ="" NAME ="HOSP_DISTRICT" PICTURETEXT ="" PORTTYPE ="LOOKUP/OUTPUT" PRECISION ="255" SCALE ="0"/>
            <TRANSFORMFIELD DATATYPE ="date/time" DEFAULTVALUE ="" DESCRIPTION ="" NAME ="create_date" PICTURETEXT ="" PORTTYPE ="LOOKUP/OUTPUT" PRECISION ="29" SCALE ="9"/>
            <TRANSFORMFIELD DATATYPE ="date/time" DEFAULTVALUE ="" DESCRIPTION ="" NAME ="update_date" PICTURETEXT ="" PORTTYPE ="LOOKUP/OUTPUT" PRECISION ="29" SCALE ="9"/>
            <TRANSFORMFIELD DATATYPE ="string" DEFAULTVALUE ="" DESCRIPTION ="" NAME ="HOSP_NAME1" PICTURETEXT ="" PORTTYPE ="INPUT/OUTPUT" PRECISION ="255" SCALE ="0"/>
            <TRANSFORMFIELD DATATYPE ="string" DEFAULTVALUE ="" DESCRIPTION ="" NAME ="HOSP_DISTRICT1" PICTURETEXT ="" PORTTYPE ="INPUT/OUTPUT" PRECISION ="255" SCALE ="0"/>
            <TABLEATTRIBUTE NAME ="Lookup Sql Override" VALUE =""/>
            <TABLEATTRIBUTE NAME ="Lookup table name" VALUE ="DIM_Hospital"/>
            <TABLEATTRIBUTE NAME ="Lookup Source Filter" VALUE =""/>
            <TABLEATTRIBUTE NAME ="Lookup caching enabled" VALUE ="YES"/>
            <TABLEATTRIBUTE NAME ="Lookup policy on multiple match" VALUE ="Use Any Value"/>
            <TABLEATTRIBUTE NAME ="Lookup condition" VALUE ="HOSP_NAME = HOSP_NAME1 AND HOSP_DISTRICT = HOSP_DISTRICT1"/>
            <TABLEATTRIBUTE NAME ="Connection Information" VALUE ="Capstone"/>
            <TABLEATTRIBUTE NAME ="Source Type" VALUE ="Database"/>
            <TABLEATTRIBUTE NAME ="Recache if Stale" VALUE ="NO"/>
            <TABLEATTRIBUTE NAME ="Tracing Level" VALUE ="Normal"/>
            <TABLEATTRIBUTE NAME ="Lookup cache directory name" VALUE ="$PMCacheDir"/>
            <TABLEATTRIBUTE NAME ="Lookup cache initialize" VALUE ="NO"/>
            <TABLEATTRIBUTE NAME ="Lookup cache persistent" VALUE ="NO"/>
            <TABLEATTRIBUTE NAME ="Lookup Data Cache Size" VALUE ="Auto"/>
            <TABLEATTRIBUTE NAME ="Lookup Index Cache Size" VALUE ="Auto"/>
            <TABLEATTRIBUTE NAME ="Dynamic Lookup Cache" VALUE ="NO"/>
            <TABLEATTRIBUTE NAME ="Synchronize Dynamic Cache" VALUE ="NO"/>
            <TABLEATTRIBUTE NAME ="Output Old Value On Update" VALUE ="NO"/>
            <TABLEATTRIBUTE NAME ="Update Dynamic Cache Condition" VALUE ="TRUE"/>
            <TABLEATTRIBUTE NAME ="Cache File Name Prefix" VALUE =""/>
            <TABLEATTRIBUTE NAME ="Re-cache from lookup source" VALUE ="NO"/>
            <TABLEATTRIBUTE NAME ="Insert Else Update" VALUE ="NO"/>
            <TABLEATTRIBUTE NAME ="Update Else Insert" VALUE ="NO"/>
            <TABLEATTRIBUTE NAME ="Datetime Format" VALUE =""/>
            <TABLEATTRIBUTE NAME ="Thousand Separator" VALUE ="None"/>
            <TABLEATTRIBUTE NAME ="Decimal Separator" VALUE ="."/>
            <TABLEATTRIBUTE NAME ="Case Sensitive String Comparison" VALUE ="NO"/>
            <TABLEATTRIBUTE NAME ="Null ordering" VALUE ="Null Is Highest Value"/>
            <TABLEATTRIBUTE NAME ="Sorted Input" VALUE ="NO"/>
            <TABLEATTRIBUTE NAME ="Lookup source is static" VALUE ="NO"/>
            <TABLEATTRIBUTE NAME ="Pre-build lookup cache" VALUE ="Auto"/>
            <TABLEATTRIBUTE NAME ="Subsecond Precision" VALUE ="6"/>
        </TRANSFORMATION>
        <TRANSFORMATION DESCRIPTION ="" NAME ="SQ_STG_Andhra_Health_data" OBJECTVERSION ="1" REUSABLE ="NO" TYPE ="Source Qualifier" VERSIONNUMBER ="1">
            <TRANSFORMFIELD DATATYPE ="integer" DEFAULTVALUE ="" DESCRIPTION ="" NAME ="Sno" PICTURETEXT ="" PORTTYPE ="INPUT/OUTPUT" PRECISION ="10" SCALE ="0"/>
            <TRANSFORMFIELD DATATYPE ="integer" DEFAULTVALUE ="" DESCRIPTION ="" NAME ="AGE" PICTURETEXT ="" PORTTYPE ="INPUT/OUTPUT" PRECISION ="10" SCALE ="0"/>
            <TRANSFORMFIELD DATATYPE ="string" DEFAULTVALUE ="" DESCRIPTION ="" NAME ="SEX" PICTURETEXT ="" PORTTYPE ="INPUT/OUTPUT" PRECISION ="10" SCALE ="0"/>
            <TRANSFORMFIELD DATATYPE ="string" DEFAULTVALUE ="" DESCRIPTION ="" NAME ="CASTE_NAME" PICTURETEXT ="" PORTTYPE ="INPUT/OUTPUT" PRECISION ="50" SCALE ="0"/>
            <TRANSFORMFIELD DATATYPE ="string" DEFAULTVALUE ="" DESCRIPTION ="" NAME ="CATEGORY_CODE" PICTURETEXT ="" PORTTYPE ="INPUT/OUTPUT" PRECISION ="50" SCALE ="0"/>
            <TRANSFORMFIELD DATATYPE ="string" DEFAULTVALUE ="" DESCRIPTION ="" NAME ="CATEGORY_NAME" PICTURETEXT ="" PORTTYPE ="INPUT/OUTPUT" PRECISION ="255" SCALE ="0"/>
            <TRANSFORMFIELD DATATYPE ="string" DEFAULTVALUE ="" DESCRIPTION ="" NAME ="SURGERY_CODE" PICTURETEXT ="" PORTTYPE ="INPUT/OUTPUT" PRECISION ="50" SCALE ="0"/>
            <TRANSFORMFIELD DATATYPE ="string" DEFAULTVALUE ="" DESCRIPTION ="" NAME ="SURGERY" PICTURETEXT ="" PORTTYPE ="INPUT/OUTPUT" PRECISION ="255" SCALE ="0"/>
            <TRANSFORMFIELD DATATYPE ="string" DEFAULTVALUE ="" DESCRIPTION ="" NAME ="VILLAGE" PICTURETEXT ="" PORTTYPE ="INPUT/OUTPUT" PRECISION ="255" SCALE ="0"/>
            <TRANSFORMFIELD DATATYPE ="string" DEFAULTVALUE ="" DESCRIPTION ="" NAME ="MANDAL_NAME" PICTURETEXT ="" PORTTYPE ="INPUT/OUTPUT" PRECISION ="255" SCALE ="0"/>
            <TRANSFORMFIELD DATATYPE ="string" DEFAULTVALUE ="" DESCRIPTION ="" NAME ="DISTRICT_NAME" PICTURETEXT ="" PORTTYPE ="INPUT/OUTPUT" PRECISION ="255" SCALE ="0"/>
            <TRANSFORMFIELD DATATYPE ="date/time" DEFAULTVALUE ="" DESCRIPTION ="" NAME ="PREAUTH_DATE" PICTURETEXT ="" PORTTYPE ="INPUT/OUTPUT" PRECISION ="29" SCALE ="9"/>
            <TRANSFORMFIELD DATATYPE ="decimal" DEFAULTVALUE ="" DESCRIPTION ="" NAME ="PREAUTH_AMT" PICTURETEXT ="" PORTTYPE ="INPUT/OUTPUT" PRECISION ="10" SCALE ="2"/>
            <TRANSFORMFIELD DATATYPE ="date/time" DEFAULTVALUE ="" DESCRIPTION ="" NAME ="CLAIM_DATE" PICTURETEXT ="" PORTTYPE ="INPUT/OUTPUT" PRECISION ="29" SCALE ="9"/>
            <TRANSFORMFIELD DATATYPE ="decimal" DEFAULTVALUE ="" DESCRIPTION ="" NAME ="CLAIM_AMOUNT" PICTURETEXT ="" PORTTYPE ="INPUT/OUTPUT" PRECISION ="10" SCALE ="2"/>
            <TRANSFORMFIELD DATATYPE ="string" DEFAULTVALUE ="" DESCRIPTION ="" NAME ="HOSP_NAME" PICTURETEXT ="" PORTTYPE ="INPUT/OUTPUT" PRECISION ="255" SCALE ="0"/>
            <TRANSFORMFIELD DATATYPE ="string" DEFAULTVALUE ="" DESCRIPTION ="" NAME ="HOSP_TYPE" PICTURETEXT ="" PORTTYPE ="INPUT/OUTPUT" PRECISION ="50" SCALE ="0"/>
            <TRANSFORMFIELD DATATYPE ="string" DEFAULTVALUE ="" DESCRIPTION ="" NAME ="HOSP_DISTRICT" PICTURETEXT ="" PORTTYPE ="INPUT/OUTPUT" PRECISION ="255" SCALE ="0"/>
            <TRANSFORMFIELD DATATYPE ="date/time" DEFAULTVALUE ="" DESCRIPTION ="" NAME ="SURGERY_DATE" PICTURETEXT ="" PORTTYPE ="INPUT/OUTPUT" PRECISION ="29" SCALE ="9"/>
            <TRANSFORMFIELD DATATYPE ="date/time" DEFAULTVALUE ="" DESCRIPTION ="" NAME ="DISCHARGE_DATE" PICTURETEXT ="" PORTTYPE ="INPUT/OUTPUT" PRECISION ="29" SCALE ="9"/>
            <TRANSFORMFIELD DATATYPE ="string" DEFAULTVALUE ="" DESCRIPTION ="" NAME ="Mortality" PICTURETEXT ="" PORTTYPE ="INPUT/OUTPUT" PRECISION ="1" SCALE ="0"/>
            <TRANSFORMFIELD DATATYPE ="date/time" DEFAULTVALUE ="" DESCRIPTION ="" NAME ="MORTALITY_DATE" PICTURETEXT ="" PORTTYPE ="INPUT/OUTPUT" PRECISION ="29" SCALE ="9"/>
            <TRANSFORMFIELD DATATYPE ="string" DEFAULTVALUE ="" DESCRIPTION ="" NAME ="SRC_REGISTRATION" PICTURETEXT ="" PORTTYPE ="INPUT/OUTPUT" PRECISION ="255" SCALE ="0"/>
            <TABLEATTRIBUTE NAME ="Sql Query" VALUE =""/>
            <TABLEATTRIBUTE NAME ="User Defined Join" VALUE =""/>
            <TABLEATTRIBUTE NAME ="Source Filter" VALUE =""/>
            <TABLEATTRIBUTE NAME ="Number Of Sorted Ports" VALUE ="0"/>
            <TABLEATTRIBUTE NAME ="Tracing Level" VALUE ="Normal"/>
            <TABLEATTRIBUTE NAME ="Select Distinct" VALUE ="NO"/>
            <TABLEATTRIBUTE NAME ="Is Partitionable" VALUE ="NO"/>
            <TABLEATTRIBUTE NAME ="Pre SQL" VALUE =""/>
            <TABLEATTRIBUTE NAME ="Post SQL" VALUE =""/>
            <TABLEATTRIBUTE NAME ="Output is deterministic" VALUE ="NO"/>
            <TABLEATTRIBUTE NAME ="Output is repeatable" VALUE ="Never"/>
        </TRANSFORMATION>
        <INSTANCE DESCRIPTION ="" NAME ="DIM_Hospital" TRANSFORMATION_NAME ="DIM_Hospital" TRANSFORMATION_TYPE ="Target Definition" TYPE ="TARGET"/>
        <INSTANCE DESCRIPTION ="" NAME ="DIM_Hospital1" TRANSFORMATION_NAME ="DIM_Hospital" TRANSFORMATION_TYPE ="Target Definition" TYPE ="TARGET"/>
        <INSTANCE DESCRIPTION ="" NAME ="seq_dim_hospital" REUSABLE ="NO" TRANSFORMATION_NAME ="seq_dim_hospital" TRANSFORMATION_TYPE ="Sequence" TYPE ="TRANSFORMATION"/>
        <INSTANCE DESCRIPTION ="" NAME ="udp_dim_hospital" REUSABLE ="NO" TRANSFORMATION_NAME ="udp_dim_hospital" TRANSFORMATION_TYPE ="Update Strategy" TYPE ="TRANSFORMATION"/>
        <INSTANCE DESCRIPTION ="" NAME ="str_dim_hospital" REUSABLE ="NO" TRANSFORMATION_NAME ="str_dim_hospital" TRANSFORMATION_TYPE ="Sorter" TYPE ="TRANSFORMATION"/>
        <INSTANCE DESCRIPTION ="" NAME ="exp_dim_hospital" REUSABLE ="NO" TRANSFORMATION_NAME ="exp_dim_hospital" TRANSFORMATION_TYPE ="Expression" TYPE ="TRANSFORMATION"/>
        <INSTANCE DESCRIPTION ="" NAME ="exp2_dim_hospital" REUSABLE ="NO" TRANSFORMATION_NAME ="exp2_dim_hospital" TRANSFORMATION_TYPE ="Expression" TYPE ="TRANSFORMATION"/>
        <INSTANCE DESCRIPTION ="" NAME ="rtr_dim_hospital" REUSABLE ="NO" TRANSFORMATION_NAME ="rtr_dim_hospital" TRANSFORMATION_TYPE ="Router" TYPE ="TRANSFORMATION"/>
        <INSTANCE DESCRIPTION ="" NAME ="lkp_dim_hospital" REUSABLE ="NO" TRANSFORMATION_NAME ="lkp_dim_hospital" TRANSFORMATION_TYPE ="Lookup Procedure" TYPE ="TRANSFORMATION"/>
        <INSTANCE DBDNAME ="Capstone" DESCRIPTION ="" NAME ="STG_Andhra_Health_data" TRANSFORMATION_NAME ="STG_Andhra_Health_data" TRANSFORMATION_TYPE ="Source Definition" TYPE ="SOURCE"/>
        <INSTANCE DESCRIPTION ="" NAME ="SQ_STG_Andhra_Health_data" REUSABLE ="NO" TRANSFORMATION_NAME ="SQ_STG_Andhra_Health_data" TRANSFORMATION_TYPE ="Source Qualifier" TYPE ="TRANSFORMATION">
            <ASSOCIATED_SOURCE_INSTANCE NAME ="STG_Andhra_Health_data"/>
        </INSTANCE>
        <CONNECTOR FROMFIELD ="NEXTVAL" FROMINSTANCE ="seq_dim_hospital" FROMINSTANCETYPE ="Sequence" TOFIELD ="Hosp_Key" TOINSTANCE ="DIM_Hospital" TOINSTANCETYPE ="Target Definition"/>
        <CONNECTOR FROMFIELD ="HOSP_NAME1" FROMINSTANCE ="rtr_dim_hospital" FROMINSTANCETYPE ="Router" TOFIELD ="HOSP_NAME" TOINSTANCE ="DIM_Hospital" TOINSTANCETYPE ="Target Definition"/>
        <CONNECTOR FROMFIELD ="HOSP_TYPE1" FROMINSTANCE ="rtr_dim_hospital" FROMINSTANCETYPE ="Router" TOFIELD ="HOSP_TYPE" TOINSTANCE ="DIM_Hospital" TOINSTANCETYPE ="Target Definition"/>
        <CONNECTOR FROMFIELD ="HOSP_DISTRICT1" FROMINSTANCE ="rtr_dim_hospital" FROMINSTANCETYPE ="Router" TOFIELD ="HOSP_DISTRICT" TOINSTANCE ="DIM_Hospital" TOINSTANCETYPE ="Target Definition"/>
        <CONNECTOR FROMFIELD ="time1" FROMINSTANCE ="rtr_dim_hospital" FROMINSTANCETYPE ="Router" TOFIELD ="create_date" TOINSTANCE ="DIM_Hospital" TOINSTANCETYPE ="Target Definition"/>
        <CONNECTOR FROMFIELD ="Hosp_Key_lkp3" FROMINSTANCE ="udp_dim_hospital" FROMINSTANCETYPE ="Update Strategy" TOFIELD ="Hosp_Key" TOINSTANCE ="DIM_Hospital1" TOINSTANCETYPE ="Target Definition"/>
        <CONNECTOR FROMFIELD ="HOSP_NAME3" FROMINSTANCE ="udp_dim_hospital" FROMINSTANCETYPE ="Update Strategy" TOFIELD ="HOSP_NAME" TOINSTANCE ="DIM_Hospital1" TOINSTANCETYPE ="Target Definition"/>
        <CONNECTOR FROMFIELD ="HOSP_TYPE3" FROMINSTANCE ="udp_dim_hospital" FROMINSTANCETYPE ="Update Strategy" TOFIELD ="HOSP_TYPE" TOINSTANCE ="DIM_Hospital1" TOINSTANCETYPE ="Target Definition"/>
        <CONNECTOR FROMFIELD ="HOSP_DISTRICT3" FROMINSTANCE ="udp_dim_hospital" FROMINSTANCETYPE ="Update Strategy" TOFIELD ="HOSP_DISTRICT" TOINSTANCE ="DIM_Hospital1" TOINSTANCETYPE ="Target Definition"/>
        <CONNECTOR FROMFIELD ="time3" FROMINSTANCE ="udp_dim_hospital" FROMINSTANCETYPE ="Update Strategy" TOFIELD ="update_date" TOINSTANCE ="DIM_Hospital1" TOINSTANCETYPE ="Target Definition"/>
        <CONNECTOR FROMFIELD ="HOSP_NAME3" FROMINSTANCE ="rtr_dim_hospital" FROMINSTANCETYPE ="Router" TOFIELD ="HOSP_NAME3" TOINSTANCE ="udp_dim_hospital" TOINSTANCETYPE ="Update Strategy"/>
        <CONNECTOR FROMFIELD ="HOSP_TYPE3" FROMINSTANCE ="rtr_dim_hospital" FROMINSTANCETYPE ="Router" TOFIELD ="HOSP_TYPE3" TOINSTANCE ="udp_dim_hospital" TOINSTANCETYPE ="Update Strategy"/>
        <CONNECTOR FROMFIELD ="HOSP_DISTRICT3" FROMINSTANCE ="rtr_dim_hospital" FROMINSTANCETYPE ="Router" TOFIELD ="HOSP_DISTRICT3" TOINSTANCE ="udp_dim_hospital" TOINSTANCETYPE ="Update Strategy"/>
        <CONNECTOR FROMFIELD ="Hosp_key_lkp3" FROMINSTANCE ="rtr_dim_hospital" FROMINSTANCETYPE ="Router" TOFIELD ="Hosp_Key_lkp3" TOINSTANCE ="udp_dim_hospital" TOINSTANCETYPE ="Update Strategy"/>
        <CONNECTOR FROMFIELD ="time3" FROMINSTANCE ="rtr_dim_hospital" FROMINSTANCETYPE ="Router" TOFIELD ="time3" TOINSTANCE ="udp_dim_hospital" TOINSTANCETYPE ="Update Strategy"/>
        <CONNECTOR FROMFIELD ="HOSP_NAME" FROMINSTANCE ="SQ_STG_Andhra_Health_data" FROMINSTANCETYPE ="Source Qualifier" TOFIELD ="HOSP_NAME" TOINSTANCE ="str_dim_hospital" TOINSTANCETYPE ="Sorter"/>
        <CONNECTOR FROMFIELD ="HOSP_TYPE" FROMINSTANCE ="SQ_STG_Andhra_Health_data" FROMINSTANCETYPE ="Source Qualifier" TOFIELD ="HOSP_TYPE" TOINSTANCE ="str_dim_hospital" TOINSTANCETYPE ="Sorter"/>
        <CONNECTOR FROMFIELD ="HOSP_DISTRICT" FROMINSTANCE ="SQ_STG_Andhra_Health_data" FROMINSTANCETYPE ="Source Qualifier" TOFIELD ="HOSP_DISTRICT" TOINSTANCE ="str_dim_hospital" TOINSTANCETYPE ="Sorter"/>
        <CONNECTOR FROMFIELD ="HOSP_NAME" FROMINSTANCE ="str_dim_hospital" FROMINSTANCETYPE ="Sorter" TOFIELD ="HOSP_NAME" TOINSTANCE ="exp_dim_hospital" TOINSTANCETYPE ="Expression"/>
        <CONNECTOR FROMFIELD ="HOSP_TYPE" FROMINSTANCE ="str_dim_hospital" FROMINSTANCETYPE ="Sorter" TOFIELD ="HOSP_TYPE" TOINSTANCE ="exp_dim_hospital" TOINSTANCETYPE ="Expression"/>
        <CONNECTOR FROMFIELD ="HOSP_DISTRICT" FROMINSTANCE ="str_dim_hospital" FROMINSTANCETYPE ="Sorter" TOFIELD ="HOSP_DISTRICT" TOINSTANCE ="exp_dim_hospital" TOINSTANCETYPE ="Expression"/>
        <CONNECTOR FROMFIELD ="HOSP_NAME" FROMINSTANCE ="exp_dim_hospital" FROMINSTANCETYPE ="Expression" TOFIELD ="HOSP_NAME" TOINSTANCE ="exp2_dim_hospital" TOINSTANCETYPE ="Expression"/>
        <CONNECTOR FROMFIELD ="HOSP_TYPE" FROMINSTANCE ="exp_dim_hospital" FROMINSTANCETYPE ="Expression" TOFIELD ="HOSP_TYPE" TOINSTANCE ="exp2_dim_hospital" TOINSTANCETYPE ="Expression"/>
        <CONNECTOR FROMFIELD ="HOSP_DISTRICT" FROMINSTANCE ="exp_dim_hospital" FROMINSTANCETYPE ="Expression" TOFIELD ="HOSP_DISTRICT" TOINSTANCE ="exp2_dim_hospital" TOINSTANCETYPE ="Expression"/>
        <CONNECTOR FROMFIELD ="HOSP_NAME" FROMINSTANCE ="exp_dim_hospital" FROMINSTANCETYPE ="Expression" TOFIELD ="HOSP_NAME1" TOINSTANCE ="lkp_dim_hospital" TOINSTANCETYPE ="Lookup Procedure"/>
        <CONNECTOR FROMFIELD ="HOSP_DISTRICT" FROMINSTANCE ="exp_dim_hospital" FROMINSTANCETYPE ="Expression" TOFIELD ="HOSP_DISTRICT1" TOINSTANCE ="lkp_dim_hospital" TOINSTANCETYPE ="Lookup Procedure"/>
        <CONNECTOR FROMFIELD ="Hosp_Key" FROMINSTANCE ="lkp_dim_hospital" FROMINSTANCETYPE ="Lookup Procedure" TOFIELD ="Hosp_Key" TOINSTANCE ="exp2_dim_hospital" TOINSTANCETYPE ="Expression"/>
        <CONNECTOR FROMFIELD ="HOSP_NAME" FROMINSTANCE ="lkp_dim_hospital" FROMINSTANCETYPE ="Lookup Procedure" TOFIELD ="HOSP_NAME_lkp" TOINSTANCE ="exp2_dim_hospital" TOINSTANCETYPE ="Expression"/>
        <CONNECTOR FROMFIELD ="HOSP_TYPE" FROMINSTANCE ="lkp_dim_hospital" FROMINSTANCETYPE ="Lookup Procedure" TOFIELD ="HOSP_TYPE_lkp" TOINSTANCE ="exp2_dim_hospital" TOINSTANCETYPE ="Expression"/>
        <CONNECTOR FROMFIELD ="HOSP_DISTRICT" FROMINSTANCE ="lkp_dim_hospital" FROMINSTANCETYPE ="Lookup Procedure" TOFIELD ="HOSP_DISTRICT_lkp" TOINSTANCE ="exp2_dim_hospital" TOINSTANCETYPE ="Expression"/>
        <CONNECTOR FROMFIELD ="HOSP_NAME" FROMINSTANCE ="exp2_dim_hospital" FROMINSTANCETYPE ="Expression" TOFIELD ="HOSP_NAME" TOINSTANCE ="rtr_dim_hospital" TOINSTANCETYPE ="Router"/>
        <CONNECTOR FROMFIELD ="HOSP_TYPE" FROMINSTANCE ="exp2_dim_hospital" FROMINSTANCETYPE ="Expression" TOFIELD ="HOSP_TYPE" TOINSTANCE ="rtr_dim_hospital" TOINSTANCETYPE ="Router"/>
        <CONNECTOR FROMFIELD ="HOSP_DISTRICT" FROMINSTANCE ="exp2_dim_hospital" FROMINSTANCETYPE ="Expression" TOFIELD ="HOSP_DISTRICT" TOINSTANCE ="rtr_dim_hospital" TOINSTANCETYPE ="Router"/>
        <CONNECTOR FROMFIELD ="flag" FROMINSTANCE ="exp2_dim_hospital" FROMINSTANCETYPE ="Expression" TOFIELD ="flag" TOINSTANCE ="rtr_dim_hospital" TOINSTANCETYPE ="Router"/>
        <CONNECTOR FROMFIELD ="time" FROMINSTANCE ="exp2_dim_hospital" FROMINSTANCETYPE ="Expression" TOFIELD ="time" TOINSTANCE ="rtr_dim_hospital" TOINSTANCETYPE ="Router"/>
        <CONNECTOR FROMFIELD ="Hosp_Key" FROMINSTANCE ="exp2_dim_hospital" FROMINSTANCETYPE ="Expression" TOFIELD ="Hosp_key_lkp" TOINSTANCE ="rtr_dim_hospital" TOINSTANCETYPE ="Router"/>
        <CONNECTOR FROMFIELD ="Sno" FROMINSTANCE ="STG_Andhra_Health_data" FROMINSTANCETYPE ="Source Definition" TOFIELD ="Sno" TOINSTANCE ="SQ_STG_Andhra_Health_data" TOINSTANCETYPE ="Source Qualifier"/>
        <CONNECTOR FROMFIELD ="AGE" FROMINSTANCE ="STG_Andhra_Health_data" FROMINSTANCETYPE ="Source Definition" TOFIELD ="AGE" TOINSTANCE ="SQ_STG_Andhra_Health_data" TOINSTANCETYPE ="Source Qualifier"/>
        <CONNECTOR FROMFIELD ="SEX" FROMINSTANCE ="STG_Andhra_Health_data" FROMINSTANCETYPE ="Source Definition" TOFIELD ="SEX" TOINSTANCE ="SQ_STG_Andhra_Health_data" TOINSTANCETYPE ="Source Qualifier"/>
        <CONNECTOR FROMFIELD ="CASTE_NAME" FROMINSTANCE ="STG_Andhra_Health_data" FROMINSTANCETYPE ="Source Definition" TOFIELD ="CASTE_NAME" TOINSTANCE ="SQ_STG_Andhra_Health_data" TOINSTANCETYPE ="Source Qualifier"/>
        <CONNECTOR FROMFIELD ="CATEGORY_CODE" FROMINSTANCE ="STG_Andhra_Health_data" FROMINSTANCETYPE ="Source Definition" TOFIELD ="CATEGORY_CODE" TOINSTANCE ="SQ_STG_Andhra_Health_data" TOINSTANCETYPE ="Source Qualifier"/>
        <CONNECTOR FROMFIELD ="CATEGORY_NAME" FROMINSTANCE ="STG_Andhra_Health_data" FROMINSTANCETYPE ="Source Definition" TOFIELD ="CATEGORY_NAME" TOINSTANCE ="SQ_STG_Andhra_Health_data" TOINSTANCETYPE ="Source Qualifier"/>
        <CONNECTOR FROMFIELD ="SURGERY_CODE" FROMINSTANCE ="STG_Andhra_Health_data" FROMINSTANCETYPE ="Source Definition" TOFIELD ="SURGERY_CODE" TOINSTANCE ="SQ_STG_Andhra_Health_data" TOINSTANCETYPE ="Source Qualifier"/>
        <CONNECTOR FROMFIELD ="SURGERY" FROMINSTANCE ="STG_Andhra_Health_data" FROMINSTANCETYPE ="Source Definition" TOFIELD ="SURGERY" TOINSTANCE ="SQ_STG_Andhra_Health_data" TOINSTANCETYPE ="Source Qualifier"/>
        <CONNECTOR FROMFIELD ="VILLAGE" FROMINSTANCE ="STG_Andhra_Health_data" FROMINSTANCETYPE ="Source Definition" TOFIELD ="VILLAGE" TOINSTANCE ="SQ_STG_Andhra_Health_data" TOINSTANCETYPE ="Source Qualifier"/>
        <CONNECTOR FROMFIELD ="MANDAL_NAME" FROMINSTANCE ="STG_Andhra_Health_data" FROMINSTANCETYPE ="Source Definition" TOFIELD ="MANDAL_NAME" TOINSTANCE ="SQ_STG_Andhra_Health_data" TOINSTANCETYPE ="Source Qualifier"/>
        <CONNECTOR FROMFIELD ="DISTRICT_NAME" FROMINSTANCE ="STG_Andhra_Health_data" FROMINSTANCETYPE ="Source Definition" TOFIELD ="DISTRICT_NAME" TOINSTANCE ="SQ_STG_Andhra_Health_data" TOINSTANCETYPE ="Source Qualifier"/>
        <CONNECTOR FROMFIELD ="PREAUTH_DATE" FROMINSTANCE ="STG_Andhra_Health_data" FROMINSTANCETYPE ="Source Definition" TOFIELD ="PREAUTH_DATE" TOINSTANCE ="SQ_STG_Andhra_Health_data" TOINSTANCETYPE ="Source Qualifier"/>
        <CONNECTOR FROMFIELD ="PREAUTH_AMT" FROMINSTANCE ="STG_Andhra_Health_data" FROMINSTANCETYPE ="Source Definition" TOFIELD ="PREAUTH_AMT" TOINSTANCE ="SQ_STG_Andhra_Health_data" TOINSTANCETYPE ="Source Qualifier"/>
        <CONNECTOR FROMFIELD ="CLAIM_DATE" FROMINSTANCE ="STG_Andhra_Health_data" FROMINSTANCETYPE ="Source Definition" TOFIELD ="CLAIM_DATE" TOINSTANCE ="SQ_STG_Andhra_Health_data" TOINSTANCETYPE ="Source Qualifier"/>
        <CONNECTOR FROMFIELD ="CLAIM_AMOUNT" FROMINSTANCE ="STG_Andhra_Health_data" FROMINSTANCETYPE ="Source Definition" TOFIELD ="CLAIM_AMOUNT" TOINSTANCE ="SQ_STG_Andhra_Health_data" TOINSTANCETYPE ="Source Qualifier"/>
        <CONNECTOR FROMFIELD ="HOSP_NAME" FROMINSTANCE ="STG_Andhra_Health_data" FROMINSTANCETYPE ="Source Definition" TOFIELD ="HOSP_NAME" TOINSTANCE ="SQ_STG_Andhra_Health_data" TOINSTANCETYPE ="Source Qualifier"/>
        <CONNECTOR FROMFIELD ="HOSP_TYPE" FROMINSTANCE ="STG_Andhra_Health_data" FROMINSTANCETYPE ="Source Definition" TOFIELD ="HOSP_TYPE" TOINSTANCE ="SQ_STG_Andhra_Health_data" TOINSTANCETYPE ="Source Qualifier"/>
        <CONNECTOR FROMFIELD ="HOSP_DISTRICT" FROMINSTANCE ="STG_Andhra_Health_data" FROMINSTANCETYPE ="Source Definition" TOFIELD ="HOSP_DISTRICT" TOINSTANCE ="SQ_STG_Andhra_Health_data" TOINSTANCETYPE ="Source Qualifier"/>
        <CONNECTOR FROMFIELD ="SURGERY_DATE" FROMINSTANCE ="STG_Andhra_Health_data" FROMINSTANCETYPE ="Source Definition" TOFIELD ="SURGERY_DATE" TOINSTANCE ="SQ_STG_Andhra_Health_data" TOINSTANCETYPE ="Source Qualifier"/>
        <CONNECTOR FROMFIELD ="DISCHARGE_DATE" FROMINSTANCE ="STG_Andhra_Health_data" FROMINSTANCETYPE ="Source Definition" TOFIELD ="DISCHARGE_DATE" TOINSTANCE ="SQ_STG_Andhra_Health_data" TOINSTANCETYPE ="Source Qualifier"/>
        <CONNECTOR FROMFIELD ="Mortality" FROMINSTANCE ="STG_Andhra_Health_data" FROMINSTANCETYPE ="Source Definition" TOFIELD ="Mortality" TOINSTANCE ="SQ_STG_Andhra_Health_data" TOINSTANCETYPE ="Source Qualifier"/>
        <CONNECTOR FROMFIELD ="MORTALITY_DATE" FROMINSTANCE ="STG_Andhra_Health_data" FROMINSTANCETYPE ="Source Definition" TOFIELD ="MORTALITY_DATE" TOINSTANCE ="SQ_STG_Andhra_Health_data" TOINSTANCETYPE ="Source Qualifier"/>
        <CONNECTOR FROMFIELD ="SRC_REGISTRATION" FROMINSTANCE ="STG_Andhra_Health_data" FROMINSTANCETYPE ="Source Definition" TOFIELD ="SRC_REGISTRATION" TOINSTANCE ="SQ_STG_Andhra_Health_data" TOINSTANCETYPE ="Source Qualifier"/>
        <TARGETLOADORDER ORDER ="1" TARGETINSTANCE ="DIM_Hospital"/>
        <TARGETLOADORDER ORDER ="1" TARGETINSTANCE ="DIM_Hospital1"/>
        <ERPINFO/>
    </MAPPING>
    <CONFIG DESCRIPTION ="Default session configuration object" ISDEFAULT ="YES" NAME ="default_session_config" VERSIONNUMBER ="1">
        <ATTRIBUTE NAME ="Advanced" VALUE =""/>
        <ATTRIBUTE NAME ="Constraint based load ordering" VALUE ="NO"/>
        <ATTRIBUTE NAME ="Cache LOOKUP() function" VALUE ="YES"/>
        <ATTRIBUTE NAME ="Default buffer block size" VALUE ="Auto"/>
        <ATTRIBUTE NAME ="Line Sequential buffer length" VALUE ="1024"/>
        <ATTRIBUTE NAME ="Maximum Memory Allowed For Auto Memory Attributes" VALUE ="512MB"/>
        <ATTRIBUTE NAME ="Maximum Percentage of Total Memory Allowed For Auto Memory Attributes" VALUE ="5"/>
        <ATTRIBUTE NAME ="Additional Concurrent Pipelines for Lookup Cache Creation" VALUE ="Auto"/>
        <ATTRIBUTE NAME ="Custom Properties" VALUE =""/>
        <ATTRIBUTE NAME ="Pre-build lookup cache" VALUE ="Auto"/>
        <ATTRIBUTE NAME ="Optimization Level" VALUE ="Medium"/>
        <ATTRIBUTE NAME ="DateTime Format String" VALUE ="MM/DD/YYYY HH24:MI:SS.US"/>
        <ATTRIBUTE NAME ="Pre 85 Timestamp Compatibility" VALUE ="NO"/>
        <ATTRIBUTE NAME ="Log Options" VALUE ="0"/>
        <ATTRIBUTE NAME ="Save session log by" VALUE ="Session runs"/>
        <ATTRIBUTE NAME ="Save session log for these runs" VALUE ="0"/>
        <ATTRIBUTE NAME ="Session Log File Max Size" VALUE ="0"/>
        <ATTRIBUTE NAME ="Session Log File Max Time Period" VALUE ="0"/>
        <ATTRIBUTE NAME ="Maximum Partial Session Log Files" VALUE ="1"/>
        <ATTRIBUTE NAME ="Writer Commit Statistics Log Frequency" VALUE ="1"/>
        <ATTRIBUTE NAME ="Writer Commit Statistics Log Interval" VALUE ="0"/>
        <ATTRIBUTE NAME ="Error handling" VALUE =""/>
        <ATTRIBUTE NAME ="Stop on errors" VALUE ="0"/>
        <ATTRIBUTE NAME ="Override tracing" VALUE ="None"/>
        <ATTRIBUTE NAME ="On Stored Procedure error" VALUE ="Stop"/>
        <ATTRIBUTE NAME ="On Pre-session command task error" VALUE ="Stop"/>
        <ATTRIBUTE NAME ="On Pre-Post SQL error" VALUE ="Stop"/>
        <ATTRIBUTE NAME ="Enable Recovery" VALUE ="NO"/>
        <ATTRIBUTE NAME ="Error Log Type" VALUE ="None"/>
        <ATTRIBUTE NAME ="Error Log Table Name Prefix" VALUE =""/>
        <ATTRIBUTE NAME ="Error Log File Name" VALUE ="PMError.log"/>
        <ATTRIBUTE NAME ="Log Source Row Data" VALUE ="NO"/>
        <ATTRIBUTE NAME ="Data Column Delimiter" VALUE ="|"/>
        <ATTRIBUTE NAME ="Partitioning Options" VALUE =""/>
        <ATTRIBUTE NAME ="Dynamic Partitioning" VALUE ="Disabled"/>
        <ATTRIBUTE NAME ="Number of Partitions" VALUE ="1"/>
        <ATTRIBUTE NAME ="Multiplication Factor" VALUE ="Auto"/>
        <ATTRIBUTE NAME ="Session on Grid" VALUE =""/>
        <ATTRIBUTE NAME ="Is Enabled" VALUE ="NO"/>
    </CONFIG>
    <WORKFLOW DESCRIPTION ="" ISENABLED ="YES" ISRUNNABLESERVICE ="NO" ISSERVICE ="NO" ISVALID ="YES" NAME ="wf_dim_hospital" REUSABLE_SCHEDULER ="NO" SCHEDULERNAME ="Scheduler" SERVERNAME ="INFA_INIT" SERVER_DOMAINNAME ="Domain" SUSPEND_ON_ERROR ="NO" TASKS_MUST_RUN_ON_SERVER ="NO" VERSIONNUMBER ="1">
        <SCHEDULER DESCRIPTION ="" NAME ="Scheduler" REUSABLE ="NO" VERSIONNUMBER ="1">
            <SCHEDULEINFO SCHEDULETYPE ="ONDEMAND"/>
        </SCHEDULER>
        <TASK DESCRIPTION ="" NAME ="Start" REUSABLE ="NO" TYPE ="Start" VERSIONNUMBER ="1"/>
        <SESSION DESCRIPTION ="" ISVALID ="YES" MAPPINGNAME ="m_dim_hospital" NAME ="s_m_dim_hospital" REUSABLE ="NO" SORTORDER ="Binary" VERSIONNUMBER ="1">
            <SESSTRANSFORMATIONINST ISREPARTITIONPOINT ="YES" PARTITIONTYPE ="PASS THROUGH" PIPELINE ="2" SINSTANCENAME ="DIM_Hospital" STAGE ="1" TRANSFORMATIONNAME ="DIM_Hospital" TRANSFORMATIONTYPE ="Target Definition"/>
            <SESSTRANSFORMATIONINST ISREPARTITIONPOINT ="YES" PARTITIONTYPE ="PASS THROUGH" PIPELINE ="2" SINSTANCENAME ="DIM_Hospital1" STAGE ="2" TRANSFORMATIONNAME ="DIM_Hospital1" TRANSFORMATIONTYPE ="Target Definition"/>
            <SESSTRANSFORMATIONINST ISREPARTITIONPOINT ="NO" PIPELINE ="0" SINSTANCENAME ="seq_dim_hospital" STAGE ="0" TRANSFORMATIONNAME ="seq_dim_hospital" TRANSFORMATIONTYPE ="Sequence"/>
            <SESSTRANSFORMATIONINST ISREPARTITIONPOINT ="NO" PIPELINE ="2" SINSTANCENAME ="udp_dim_hospital" STAGE ="4" TRANSFORMATIONNAME ="udp_dim_hospital" TRANSFORMATIONTYPE ="Update Strategy">
                <PARTITION DESCRIPTION ="" NAME ="Partition #1"/>
            </SESSTRANSFORMATIONINST>
            <SESSTRANSFORMATIONINST ISREPARTITIONPOINT ="NO" PIPELINE ="2" SINSTANCENAME ="str_dim_hospital" STAGE ="4" TRANSFORMATIONNAME ="str_dim_hospital" TRANSFORMATIONTYPE ="Sorter">
                <PARTITION DESCRIPTION ="" NAME ="Partition #1"/>
            </SESSTRANSFORMATIONINST>
            <SESSTRANSFORMATIONINST ISREPARTITIONPOINT ="NO" PIPELINE ="2" SINSTANCENAME ="exp_dim_hospital" STAGE ="4" TRANSFORMATIONNAME ="exp_dim_hospital" TRANSFORMATIONTYPE ="Expression">
                <PARTITION DESCRIPTION ="" NAME ="Partition #1"/>
            </SESSTRANSFORMATIONINST>
            <SESSTRANSFORMATIONINST ISREPARTITIONPOINT ="NO" PIPELINE ="2" SINSTANCENAME ="exp2_dim_hospital" STAGE ="4" TRANSFORMATIONNAME ="exp2_dim_hospital" TRANSFORMATIONTYPE ="Expression">
                <PARTITION DESCRIPTION ="" NAME ="Partition #1"/>
            </SESSTRANSFORMATIONINST>
            <SESSTRANSFORMATIONINST ISREPARTITIONPOINT ="NO" PIPELINE ="2" SINSTANCENAME ="rtr_dim_hospital" STAGE ="4" TRANSFORMATIONNAME ="rtr_dim_hospital" TRANSFORMATIONTYPE ="Router">
                <PARTITION DESCRIPTION ="" NAME ="Partition #1"/>
            </SESSTRANSFORMATIONINST>
            <SESSTRANSFORMATIONINST ISREPARTITIONPOINT ="NO" PIPELINE ="2" SINSTANCENAME ="lkp_dim_hospital" STAGE ="4" TRANSFORMATIONNAME ="lkp_dim_hospital" TRANSFORMATIONTYPE ="Lookup Procedure">
                <PARTITION DESCRIPTION ="" NAME ="Partition #1"/>
            </SESSTRANSFORMATIONINST>
            <SESSTRANSFORMATIONINST ISREPARTITIONPOINT ="NO" PIPELINE ="0" SINSTANCENAME ="STG_Andhra_Health_data" STAGE ="0" TRANSFORMATIONNAME ="STG_Andhra_Health_data" TRANSFORMATIONTYPE ="Source Definition"/>
            <SESSTRANSFORMATIONINST ISREPARTITIONPOINT ="YES" PARTITIONTYPE ="PASS THROUGH" PIPELINE ="2" SINSTANCENAME ="SQ_STG_Andhra_Health_data" STAGE ="4" TRANSFORMATIONNAME ="SQ_STG_Andhra_Health_data" TRANSFORMATIONTYPE ="Source Qualifier"/>
            <CONFIGREFERENCE REFOBJECTNAME ="default_session_config" TYPE ="Session config"/>
            <SESSIONEXTENSION NAME ="Relational Writer" SINSTANCENAME ="DIM_Hospital" SUBTYPE ="Relational Writer" TRANSFORMATIONTYPE ="Target Definition" TYPE ="WRITER">
                <CONNECTIONREFERENCE CNXREFNAME ="DB Connection" CONNECTIONNAME ="capstone" CONNECTIONNUMBER ="1" CONNECTIONSUBTYPE ="Microsoft SQL Server" CONNECTIONTYPE ="Relational" VARIABLE =""/>
                <ATTRIBUTE NAME ="Target load type" VALUE ="Normal"/>
                <ATTRIBUTE NAME ="Insert" VALUE ="YES"/>
                <ATTRIBUTE NAME ="Update as Update" VALUE ="YES"/>
                <ATTRIBUTE NAME ="Update as Insert" VALUE ="NO"/>
                <ATTRIBUTE NAME ="Update else Insert" VALUE ="NO"/>
                <ATTRIBUTE NAME ="Delete" VALUE ="YES"/>
                <ATTRIBUTE NAME ="Truncate target table option" VALUE ="NO"/>
                <ATTRIBUTE NAME ="Reject file directory" VALUE ="$PMBadFileDir&#x5c;"/>
                <ATTRIBUTE NAME ="Reject filename" VALUE ="dim_hospital1.bad"/>
            </SESSIONEXTENSION>
            <SESSIONEXTENSION NAME ="Relational Writer" SINSTANCENAME ="DIM_Hospital1" SUBTYPE ="Relational Writer" TRANSFORMATIONTYPE ="Target Definition" TYPE ="WRITER">
                <CONNECTIONREFERENCE CNXREFNAME ="DB Connection" CONNECTIONNAME ="capstone" CONNECTIONNUMBER ="1" CONNECTIONSUBTYPE ="Microsoft SQL Server" CONNECTIONTYPE ="Relational" VARIABLE =""/>
                <ATTRIBUTE NAME ="Target load type" VALUE ="Normal"/>
                <ATTRIBUTE NAME ="Insert" VALUE ="YES"/>
                <ATTRIBUTE NAME ="Update as Update" VALUE ="YES"/>
                <ATTRIBUTE NAME ="Update as Insert" VALUE ="NO"/>
                <ATTRIBUTE NAME ="Update else Insert" VALUE ="NO"/>
                <ATTRIBUTE NAME ="Delete" VALUE ="YES"/>
                <ATTRIBUTE NAME ="Truncate target table option" VALUE ="NO"/>
                <ATTRIBUTE NAME ="Reject file directory" VALUE ="$PMBadFileDir&#x5c;"/>
                <ATTRIBUTE NAME ="Reject filename" VALUE ="dim_hospital11.bad"/>
            </SESSIONEXTENSION>
            <SESSIONEXTENSION NAME ="Relational Lookup" SINSTANCENAME ="lkp_dim_hospital" SUBTYPE ="Relational Lookup" TRANSFORMATIONTYPE ="Lookup Procedure" TYPE ="LOOKUPEXTENSION">
                <CONNECTIONREFERENCE CNXREFNAME ="DB Connection" CONNECTIONNAME ="capstone" CONNECTIONNUMBER ="1" CONNECTIONSUBTYPE ="Microsoft SQL Server" CONNECTIONTYPE ="Relational" VARIABLE =""/>
            </SESSIONEXTENSION>
            <SESSIONEXTENSION DSQINSTNAME ="SQ_STG_Andhra_Health_data" DSQINSTTYPE ="Source Qualifier" NAME ="Relational Reader" SINSTANCENAME ="STG_Andhra_Health_data" SUBTYPE ="Relational Reader" TRANSFORMATIONTYPE ="Source Definition" TYPE ="READER"/>
            <SESSIONEXTENSION NAME ="Relational Reader" SINSTANCENAME ="SQ_STG_Andhra_Health_data" SUBTYPE ="Relational Reader" TRANSFORMATIONTYPE ="Source Qualifier" TYPE ="READER">
                <CONNECTIONREFERENCE CNXREFNAME ="DB Connection" CONNECTIONNAME ="capstone" CONNECTIONNUMBER ="1" CONNECTIONSUBTYPE ="Microsoft SQL Server" CONNECTIONTYPE ="Relational" VARIABLE =""/>
            </SESSIONEXTENSION>
            <ATTRIBUTE NAME ="General Options" VALUE =""/>
            <ATTRIBUTE NAME ="Write Backward Compatible Session Log File" VALUE ="NO"/>
            <ATTRIBUTE NAME ="Session Log File Name" VALUE ="s_m_dim_hospital.log"/>
            <ATTRIBUTE NAME ="Session Log File directory" VALUE ="$PMSessionLogDir&#x5c;"/>
            <ATTRIBUTE NAME ="Parameter Filename" VALUE =""/>
            <ATTRIBUTE NAME ="Enable Test Load" VALUE ="NO"/>
            <ATTRIBUTE NAME ="$Source connection value" VALUE =""/>
            <ATTRIBUTE NAME ="$Target connection value" VALUE =""/>
            <ATTRIBUTE NAME ="Treat source rows as" VALUE ="Data driven"/>
            <ATTRIBUTE NAME ="Commit Type" VALUE ="Target"/>
            <ATTRIBUTE NAME ="Commit Interval" VALUE ="10000"/>
            <ATTRIBUTE NAME ="Commit On End Of File" VALUE ="YES"/>
            <ATTRIBUTE NAME ="Rollback Transactions on Errors" VALUE ="NO"/>
            <ATTRIBUTE NAME ="Recovery Strategy" VALUE ="Fail task and continue workflow"/>
            <ATTRIBUTE NAME ="Java Classpath" VALUE =""/>
            <ATTRIBUTE NAME ="Performance" VALUE =""/>
            <ATTRIBUTE NAME ="DTM buffer size" VALUE ="Auto"/>
            <ATTRIBUTE NAME ="Collect performance data" VALUE ="NO"/>
            <ATTRIBUTE NAME ="Write performance data to repository" VALUE ="NO"/>
            <ATTRIBUTE NAME ="Incremental Aggregation" VALUE ="NO"/>
            <ATTRIBUTE NAME ="Enable high precision" VALUE ="NO"/>
            <ATTRIBUTE NAME ="Session retry on deadlock" VALUE ="NO"/>
            <ATTRIBUTE NAME ="Pushdown Optimization" VALUE ="None"/>
            <ATTRIBUTE NAME ="Allow Temporary View for Pushdown" VALUE ="NO"/>
            <ATTRIBUTE NAME ="Allow Temporary Sequence for Pushdown" VALUE ="NO"/>
            <ATTRIBUTE NAME ="Allow Pushdown for User Incompatible Connections" VALUE ="NO"/>
        </SESSION>
        <TASKINSTANCE DESCRIPTION ="" ISENABLED ="YES" NAME ="Start" REUSABLE ="NO" TASKNAME ="Start" TASKTYPE ="Start"/>
        <TASKINSTANCE DESCRIPTION ="" FAIL_PARENT_IF_INSTANCE_DID_NOT_RUN ="NO" FAIL_PARENT_IF_INSTANCE_FAILS ="NO" ISENABLED ="YES" NAME ="s_m_dim_hospital" REUSABLE ="NO" TASKNAME ="s_m_dim_hospital" TASKTYPE ="Session" TREAT_INPUTLINK_AS_AND ="YES"/>
        <WORKFLOWLINK CONDITION ="" FROMTASK ="Start" TOTASK ="s_m_dim_hospital"/>
        <WORKFLOWVARIABLE DATATYPE ="date/time" DEFAULTVALUE ="" DESCRIPTION ="The time this task started" ISNULL ="NO" ISPERSISTENT ="NO" NAME ="$Start.StartTime" USERDEFINED ="NO"/>
        <WORKFLOWVARIABLE DATATYPE ="date/time" DEFAULTVALUE ="" DESCRIPTION ="The time this task completed" ISNULL ="NO" ISPERSISTENT ="NO" NAME ="$Start.EndTime" USERDEFINED ="NO"/>
        <WORKFLOWVARIABLE DATATYPE ="integer" DEFAULTVALUE ="" DESCRIPTION ="Status of this task&apos;s execution" ISNULL ="NO" ISPERSISTENT ="NO" NAME ="$Start.Status" USERDEFINED ="NO"/>
        <WORKFLOWVARIABLE DATATYPE ="integer" DEFAULTVALUE ="" DESCRIPTION ="Status of the previous task that is not disabled" ISNULL ="NO" ISPERSISTENT ="NO" NAME ="$Start.PrevTaskStatus" USERDEFINED ="NO"/>
        <WORKFLOWVARIABLE DATATYPE ="integer" DEFAULTVALUE ="" DESCRIPTION ="Error code for this task&apos;s execution" ISNULL ="NO" ISPERSISTENT ="NO" NAME ="$Start.ErrorCode" USERDEFINED ="NO"/>
        <WORKFLOWVARIABLE DATATYPE ="string" DEFAULTVALUE ="" DESCRIPTION ="Error message for this task&apos;s execution" ISNULL ="NO" ISPERSISTENT ="NO" NAME ="$Start.ErrorMsg" USERDEFINED ="NO"/>
        <WORKFLOWVARIABLE DATATYPE ="date/time" DEFAULTVALUE ="" DESCRIPTION ="The time this task started" ISNULL ="NO" ISPERSISTENT ="NO" NAME ="$s_m_dim_hospital.StartTime" USERDEFINED ="NO"/>
        <WORKFLOWVARIABLE DATATYPE ="date/time" DEFAULTVALUE ="" DESCRIPTION ="The time this task completed" ISNULL ="NO" ISPERSISTENT ="NO" NAME ="$s_m_dim_hospital.EndTime" USERDEFINED ="NO"/>
        <WORKFLOWVARIABLE DATATYPE ="integer" DEFAULTVALUE ="" DESCRIPTION ="Status of this task&apos;s execution" ISNULL ="NO" ISPERSISTENT ="NO" NAME ="$s_m_dim_hospital.Status" USERDEFINED ="NO"/>
        <WORKFLOWVARIABLE DATATYPE ="integer" DEFAULTVALUE ="" DESCRIPTION ="Status of the previous task that is not disabled" ISNULL ="NO" ISPERSISTENT ="NO" NAME ="$s_m_dim_hospital.PrevTaskStatus" USERDEFINED ="NO"/>
        <WORKFLOWVARIABLE DATATYPE ="integer" DEFAULTVALUE ="" DESCRIPTION ="Error code for this task&apos;s execution" ISNULL ="NO" ISPERSISTENT ="NO" NAME ="$s_m_dim_hospital.ErrorCode" USERDEFINED ="NO"/>
        <WORKFLOWVARIABLE DATATYPE ="string" DEFAULTVALUE ="" DESCRIPTION ="Error message for this task&apos;s execution" ISNULL ="NO" ISPERSISTENT ="NO" NAME ="$s_m_dim_hospital.ErrorMsg" USERDEFINED ="NO"/>
        <WORKFLOWVARIABLE DATATYPE ="integer" DEFAULTVALUE ="" DESCRIPTION ="Rows successfully read" ISNULL ="NO" ISPERSISTENT ="NO" NAME ="$s_m_dim_hospital.SrcSuccessRows" USERDEFINED ="NO"/>
        <WORKFLOWVARIABLE DATATYPE ="integer" DEFAULTVALUE ="" DESCRIPTION ="Rows failed to read" ISNULL ="NO" ISPERSISTENT ="NO" NAME ="$s_m_dim_hospital.SrcFailedRows" USERDEFINED ="NO"/>
        <WORKFLOWVARIABLE DATATYPE ="integer" DEFAULTVALUE ="" DESCRIPTION ="Rows successfully loaded" ISNULL ="NO" ISPERSISTENT ="NO" NAME ="$s_m_dim_hospital.TgtSuccessRows" USERDEFINED ="NO"/>
        <WORKFLOWVARIABLE DATATYPE ="integer" DEFAULTVALUE ="" DESCRIPTION ="Rows failed to load" ISNULL ="NO" ISPERSISTENT ="NO" NAME ="$s_m_dim_hospital.TgtFailedRows" USERDEFINED ="NO"/>
        <WORKFLOWVARIABLE DATATYPE ="integer" DEFAULTVALUE ="" DESCRIPTION ="Total number of transformation errors" ISNULL ="NO" ISPERSISTENT ="NO" NAME ="$s_m_dim_hospital.TotalTransErrors" USERDEFINED ="NO"/>
        <WORKFLOWVARIABLE DATATYPE ="integer" DEFAULTVALUE ="" DESCRIPTION ="First error code" ISNULL ="NO" ISPERSISTENT ="NO" NAME ="$s_m_dim_hospital.FirstErrorCode" USERDEFINED ="NO"/>
        <WORKFLOWVARIABLE DATATYPE ="string" DEFAULTVALUE ="" DESCRIPTION ="First error message" ISNULL ="NO" ISPERSISTENT ="NO" NAME ="$s_m_dim_hospital.FirstErrorMsg" USERDEFINED ="NO"/>
        <ATTRIBUTE NAME ="Parameter Filename" VALUE =""/>
        <ATTRIBUTE NAME ="Write Backward Compatible Workflow Log File" VALUE ="NO"/>
        <ATTRIBUTE NAME ="Workflow Log File Name" VALUE ="wf_dim_hospital.log"/>
        <ATTRIBUTE NAME ="Workflow Log File Directory" VALUE ="$PMWorkflowLogDir&#x5c;"/>
        <ATTRIBUTE NAME ="Save Workflow log by" VALUE ="By runs"/>
        <ATTRIBUTE NAME ="Save workflow log for these runs" VALUE ="0"/>
        <ATTRIBUTE NAME ="Service Name" VALUE =""/>
        <ATTRIBUTE NAME ="Service Timeout" VALUE ="0"/>
        <ATTRIBUTE NAME ="Is Service Visible" VALUE ="NO"/>
        <ATTRIBUTE NAME ="Is Service Protected" VALUE ="NO"/>
        <ATTRIBUTE NAME ="Fail task after wait time" VALUE ="0"/>
        <ATTRIBUTE NAME ="Enable HA recovery" VALUE ="NO"/>
        <ATTRIBUTE NAME ="Automatically recover terminated tasks" VALUE ="NO"/>
        <ATTRIBUTE NAME ="Service Level Name" VALUE ="Default"/>
        <ATTRIBUTE NAME ="Allow concurrent run with unique run instance name" VALUE ="NO"/>
        <ATTRIBUTE NAME ="Allow concurrent run with same run instance name" VALUE ="NO"/>
        <ATTRIBUTE NAME ="Maximum number of concurrent runs" VALUE ="0"/>
        <ATTRIBUTE NAME ="Assigned Web Services Hubs" VALUE =""/>
        <ATTRIBUTE NAME ="Maximum number of concurrent runs per Hub" VALUE ="1000"/>
        <ATTRIBUTE NAME ="Expected Service Time" VALUE ="1"/>
    </WORKFLOW>
</FOLDER>
</REPOSITORY>
</POWERMART>