<?xml version="1.0" encoding="Windows-1252"?>
<!DOCTYPE POWERMART SYSTEM "powrmart.dtd">
<POWERMART CREATION_DATE="03/05/2024 17:26:36" REPOSITORY_VERSION="187.96">
<REPOSITORY NAME="INFA_REP" VERSION="187" CODEPAGE="MS1252" DATABASETYPE="Microsoft SQL Server">
<FOLDER NAME="capstone" GROUP="" OWNER="Administrator" SHARED="NOTSHARED" DESCRIPTION="" PERMISSIONS="rwx---r--" UUID="562f65b4-2b1e-46e2-a8c0-9f89341bc752">
    <SOURCE BUSINESSNAME ="" DATABASETYPE ="Flat File" DBDNAME ="FlatFile" DESCRIPTION ="" NAME ="Andhra_Health_Data" OBJECTVERSION ="1" OWNERNAME ="" VERSIONNUMBER ="1">
        <FLATFILE CODEPAGE ="MS1252" CONSECDELIMITERSASONE ="NO" DELIMITED ="YES" DELIMITERS ="," ESCAPE_CHARACTER ="" KEEPESCAPECHAR ="NO" LINESEQUENTIAL ="NO" MULTIDELIMITERSASAND ="YES" NULLCHARTYPE ="ASCII" NULL_CHARACTER ="*" PADBYTES ="1" QUOTE_CHARACTER ="DOUBLE" REPEATABLE ="NO" ROWDELIMITER ="0" SHIFTSENSITIVEDATA ="NO" SKIPROWS ="1" STRIPTRAILINGBLANKS ="NO"/>
        <TABLEATTRIBUTE NAME ="Base Table Name" VALUE =""/>
        <TABLEATTRIBUTE NAME ="Search Specification" VALUE =""/>
        <TABLEATTRIBUTE NAME ="Sort Specification" VALUE =""/>
        <TABLEATTRIBUTE NAME ="Datetime Format" VALUE ="A  19 mm/dd/yyyy hh24:mi:ss"/>
        <TABLEATTRIBUTE NAME ="Thousand Separator" VALUE ="None"/>
        <TABLEATTRIBUTE NAME ="Decimal Separator" VALUE ="."/>
        <TABLEATTRIBUTE NAME ="Add Currently Processed Flat File Name Port" VALUE ="NO"/>
        <TABLEATTRIBUTE NAME ="Source TimeStamp" VALUE =""/>
        <SOURCEFIELD BUSINESSNAME ="" DATATYPE ="number" DESCRIPTION ="" FIELDNUMBER ="1" FIELDPROPERTY ="0" FIELDTYPE ="ELEMITEM" HIDDEN ="NO" KEYTYPE ="NOT A KEY" LENGTH ="3" LEVEL ="0" NAME ="Sno" NULLABLE ="NULL" OCCURS ="0" OFFSET ="0" PHYSICALLENGTH ="3" PHYSICALOFFSET ="0" PICTURETEXT ="" PRECISION ="3" SCALE ="0" USAGE_FLAGS =""/>
        <SOURCEFIELD BUSINESSNAME ="" DATATYPE ="number" DESCRIPTION ="" FIELDNUMBER ="2" FIELDPROPERTY ="0" FIELDTYPE ="ELEMITEM" HIDDEN ="NO" KEYTYPE ="NOT A KEY" LENGTH ="2" LEVEL ="0" NAME ="AGE" NULLABLE ="NULL" OCCURS ="0" OFFSET ="3" PHYSICALLENGTH ="2" PHYSICALOFFSET ="3" PICTURETEXT ="" PRECISION ="2" SCALE ="0" USAGE_FLAGS =""/>
        <SOURCEFIELD BUSINESSNAME ="" DATATYPE ="string" DESCRIPTION ="" FIELDNUMBER ="3" FIELDPROPERTY ="0" FIELDTYPE ="ELEMITEM" HIDDEN ="NO" KEYTYPE ="NOT A KEY" LENGTH ="13" LEVEL ="0" NAME ="SEX" NULLABLE ="NULL" OCCURS ="0" OFFSET ="5" PHYSICALLENGTH ="13" PHYSICALOFFSET ="5" PICTURETEXT ="" PRECISION ="13" SCALE ="0" USAGE_FLAGS =""/>
        <SOURCEFIELD BUSINESSNAME ="" DATATYPE ="string" DESCRIPTION ="" FIELDNUMBER ="4" FIELDPROPERTY ="0" FIELDTYPE ="ELEMITEM" HIDDEN ="NO" KEYTYPE ="NOT A KEY" LENGTH ="10" LEVEL ="0" NAME ="CASTE_NAME" NULLABLE ="NULL" OCCURS ="0" OFFSET ="18" PHYSICALLENGTH ="10" PHYSICALOFFSET ="18" PICTURETEXT ="" PRECISION ="10" SCALE ="0" USAGE_FLAGS =""/>
        <SOURCEFIELD BUSINESSNAME ="" DATATYPE ="string" DESCRIPTION ="" FIELDNUMBER ="5" FIELDPROPERTY ="0" FIELDTYPE ="ELEMITEM" HIDDEN ="NO" KEYTYPE ="NOT A KEY" LENGTH ="3" LEVEL ="0" NAME ="CATEGORY_CODE" NULLABLE ="NULL" OCCURS ="0" OFFSET ="28" PHYSICALLENGTH ="3" PHYSICALOFFSET ="28" PICTURETEXT ="" PRECISION ="3" SCALE ="0" USAGE_FLAGS =""/>
        <SOURCEFIELD BUSINESSNAME ="" DATATYPE ="string" DESCRIPTION ="" FIELDNUMBER ="6" FIELDPROPERTY ="0" FIELDTYPE ="ELEMITEM" HIDDEN ="NO" KEYTYPE ="NOT A KEY" LENGTH ="35" LEVEL ="0" NAME ="CATEGORY_NAME" NULLABLE ="NULL" OCCURS ="0" OFFSET ="31" PHYSICALLENGTH ="35" PHYSICALOFFSET ="31" PICTURETEXT ="" PRECISION ="35" SCALE ="0" USAGE_FLAGS =""/>
        <SOURCEFIELD BUSINESSNAME ="" DATATYPE ="string" DESCRIPTION ="" FIELDNUMBER ="7" FIELDPROPERTY ="0" FIELDTYPE ="ELEMITEM" HIDDEN ="NO" KEYTYPE ="NOT A KEY" LENGTH ="10" LEVEL ="0" NAME ="SURGERY_CODE" NULLABLE ="NULL" OCCURS ="0" OFFSET ="66" PHYSICALLENGTH ="10" PHYSICALOFFSET ="66" PICTURETEXT ="" PRECISION ="10" SCALE ="0" USAGE_FLAGS =""/>
        <SOURCEFIELD BUSINESSNAME ="" DATATYPE ="string" DESCRIPTION ="" FIELDNUMBER ="8" FIELDPROPERTY ="0" FIELDTYPE ="ELEMITEM" HIDDEN ="NO" KEYTYPE ="NOT A KEY" LENGTH ="178" LEVEL ="0" NAME ="SURGERY" NULLABLE ="NULL" OCCURS ="0" OFFSET ="76" PHYSICALLENGTH ="178" PHYSICALOFFSET ="76" PICTURETEXT ="" PRECISION ="178" SCALE ="0" USAGE_FLAGS =""/>
        <SOURCEFIELD BUSINESSNAME ="" DATATYPE ="string" DESCRIPTION ="" FIELDNUMBER ="9" FIELDPROPERTY ="0" FIELDTYPE ="ELEMITEM" HIDDEN ="NO" KEYTYPE ="NOT A KEY" LENGTH ="28" LEVEL ="0" NAME ="VILLAGE" NULLABLE ="NULL" OCCURS ="0" OFFSET ="254" PHYSICALLENGTH ="28" PHYSICALOFFSET ="254" PICTURETEXT ="" PRECISION ="28" SCALE ="0" USAGE_FLAGS =""/>
        <SOURCEFIELD BUSINESSNAME ="" DATATYPE ="string" DESCRIPTION ="" FIELDNUMBER ="10" FIELDPROPERTY ="0" FIELDTYPE ="ELEMITEM" HIDDEN ="NO" KEYTYPE ="NOT A KEY" LENGTH ="24" LEVEL ="0" NAME ="MANDAL_NAME" NULLABLE ="NULL" OCCURS ="0" OFFSET ="282" PHYSICALLENGTH ="24" PHYSICALOFFSET ="282" PICTURETEXT ="" PRECISION ="24" SCALE ="0" USAGE_FLAGS =""/>
        <SOURCEFIELD BUSINESSNAME ="" DATATYPE ="string" DESCRIPTION ="" FIELDNUMBER ="11" FIELDPROPERTY ="0" FIELDTYPE ="ELEMITEM" HIDDEN ="NO" KEYTYPE ="NOT A KEY" LENGTH ="14" LEVEL ="0" NAME ="DISTRICT_NAME" NULLABLE ="NULL" OCCURS ="0" OFFSET ="306" PHYSICALLENGTH ="14" PHYSICALOFFSET ="306" PICTURETEXT ="" PRECISION ="14" SCALE ="0" USAGE_FLAGS =""/>
        <SOURCEFIELD BUSINESSNAME ="" DATATYPE ="string" DESCRIPTION ="" FIELDNUMBER ="12" FIELDPROPERTY ="0" FIELDTYPE ="ELEMITEM" HIDDEN ="NO" KEYTYPE ="NOT A KEY" LENGTH ="16" LEVEL ="0" NAME ="PREAUTH_DATE" NULLABLE ="NULL" OCCURS ="0" OFFSET ="320" PHYSICALLENGTH ="16" PHYSICALOFFSET ="320" PICTURETEXT ="" PRECISION ="16" SCALE ="0" USAGE_FLAGS =""/>
        <SOURCEFIELD BUSINESSNAME ="" DATATYPE ="number" DESCRIPTION ="" FIELDNUMBER ="13" FIELDPROPERTY ="0" FIELDTYPE ="ELEMITEM" HIDDEN ="NO" KEYTYPE ="NOT A KEY" LENGTH ="6" LEVEL ="0" NAME ="PREAUTH_AMT" NULLABLE ="NULL" OCCURS ="0" OFFSET ="336" PHYSICALLENGTH ="6" PHYSICALOFFSET ="336" PICTURETEXT ="" PRECISION ="6" SCALE ="0" USAGE_FLAGS =""/>
        <SOURCEFIELD BUSINESSNAME ="" DATATYPE ="string" DESCRIPTION ="" FIELDNUMBER ="14" FIELDPROPERTY ="0" FIELDTYPE ="ELEMITEM" HIDDEN ="NO" KEYTYPE ="NOT A KEY" LENGTH ="16" LEVEL ="0" NAME ="CLAIM_DATE" NULLABLE ="NULL" OCCURS ="0" OFFSET ="342" PHYSICALLENGTH ="16" PHYSICALOFFSET ="342" PICTURETEXT ="" PRECISION ="16" SCALE ="0" USAGE_FLAGS =""/>
        <SOURCEFIELD BUSINESSNAME ="" DATATYPE ="number" DESCRIPTION ="" FIELDNUMBER ="15" FIELDPROPERTY ="0" FIELDTYPE ="ELEMITEM" HIDDEN ="NO" KEYTYPE ="NOT A KEY" LENGTH ="6" LEVEL ="0" NAME ="CLAIM_AMOUNT" NULLABLE ="NULL" OCCURS ="0" OFFSET ="358" PHYSICALLENGTH ="6" PHYSICALOFFSET ="358" PICTURETEXT ="" PRECISION ="6" SCALE ="0" USAGE_FLAGS =""/>
        <SOURCEFIELD BUSINESSNAME ="" DATATYPE ="string" DESCRIPTION ="" FIELDNUMBER ="16" FIELDPROPERTY ="0" FIELDTYPE ="ELEMITEM" HIDDEN ="NO" KEYTYPE ="NOT A KEY" LENGTH ="77" LEVEL ="0" NAME ="HOSP_NAME" NULLABLE ="NULL" OCCURS ="0" OFFSET ="364" PHYSICALLENGTH ="77" PHYSICALOFFSET ="364" PICTURETEXT ="" PRECISION ="77" SCALE ="0" USAGE_FLAGS =""/>
        <SOURCEFIELD BUSINESSNAME ="" DATATYPE ="string" DESCRIPTION ="" FIELDNUMBER ="17" FIELDPROPERTY ="0" FIELDTYPE ="ELEMITEM" HIDDEN ="NO" KEYTYPE ="NOT A KEY" LENGTH ="1" LEVEL ="0" NAME ="HOSP_TYPE" NULLABLE ="NULL" OCCURS ="0" OFFSET ="441" PHYSICALLENGTH ="1" PHYSICALOFFSET ="441" PICTURETEXT ="" PRECISION ="1" SCALE ="0" USAGE_FLAGS =""/>
        <SOURCEFIELD BUSINESSNAME ="" DATATYPE ="string" DESCRIPTION ="" FIELDNUMBER ="18" FIELDPROPERTY ="0" FIELDTYPE ="ELEMITEM" HIDDEN ="NO" KEYTYPE ="NOT A KEY" LENGTH ="14" LEVEL ="0" NAME ="HOSP_DISTRICT" NULLABLE ="NULL" OCCURS ="0" OFFSET ="442" PHYSICALLENGTH ="14" PHYSICALOFFSET ="442" PICTURETEXT ="" PRECISION ="14" SCALE ="0" USAGE_FLAGS =""/>
        <SOURCEFIELD BUSINESSNAME ="" DATATYPE ="string" DESCRIPTION ="" FIELDNUMBER ="19" FIELDPROPERTY ="0" FIELDTYPE ="ELEMITEM" HIDDEN ="NO" KEYTYPE ="NOT A KEY" LENGTH ="16" LEVEL ="0" NAME ="SURGERY_DATE" NULLABLE ="NULL" OCCURS ="0" OFFSET ="456" PHYSICALLENGTH ="16" PHYSICALOFFSET ="456" PICTURETEXT ="" PRECISION ="16" SCALE ="0" USAGE_FLAGS =""/>
        <SOURCEFIELD BUSINESSNAME ="" DATATYPE ="string" DESCRIPTION ="" FIELDNUMBER ="20" FIELDPROPERTY ="0" FIELDTYPE ="ELEMITEM" HIDDEN ="NO" KEYTYPE ="NOT A KEY" LENGTH ="16" LEVEL ="0" NAME ="DISCHARGE_DATE" NULLABLE ="NULL" OCCURS ="0" OFFSET ="472" PHYSICALLENGTH ="16" PHYSICALOFFSET ="472" PICTURETEXT ="" PRECISION ="16" SCALE ="0" USAGE_FLAGS =""/>
        <SOURCEFIELD BUSINESSNAME ="" DATATYPE ="string" DESCRIPTION ="" FIELDNUMBER ="21" FIELDPROPERTY ="0" FIELDTYPE ="ELEMITEM" HIDDEN ="NO" KEYTYPE ="NOT A KEY" LENGTH ="3" LEVEL ="0" NAME ="Mortality_Y_/_N" NULLABLE ="NULL" OCCURS ="0" OFFSET ="488" PHYSICALLENGTH ="3" PHYSICALOFFSET ="488" PICTURETEXT ="" PRECISION ="3" SCALE ="0" USAGE_FLAGS =""/>
        <SOURCEFIELD BUSINESSNAME ="" DATATYPE ="string" DESCRIPTION ="" FIELDNUMBER ="22" FIELDPROPERTY ="0" FIELDTYPE ="ELEMITEM" HIDDEN ="NO" KEYTYPE ="NOT A KEY" LENGTH ="16" LEVEL ="0" NAME ="MORTALITY_DATE" NULLABLE ="NULL" OCCURS ="0" OFFSET ="491" PHYSICALLENGTH ="16" PHYSICALOFFSET ="491" PICTURETEXT ="" PRECISION ="16" SCALE ="0" USAGE_FLAGS =""/>
        <SOURCEFIELD BUSINESSNAME ="" DATATYPE ="string" DESCRIPTION ="" FIELDNUMBER ="23" FIELDPROPERTY ="0" FIELDTYPE ="ELEMITEM" HIDDEN ="NO" KEYTYPE ="NOT A KEY" LENGTH ="3" LEVEL ="0" NAME ="SRC_REGISTRATION" NULLABLE ="NULL" OCCURS ="0" OFFSET ="507" PHYSICALLENGTH ="3" PHYSICALOFFSET ="507" PICTURETEXT ="" PRECISION ="3" SCALE ="0" USAGE_FLAGS =""/>
    </SOURCE>
    <TARGET BUSINESSNAME ="" CONSTRAINT ="" DATABASETYPE ="Microsoft SQL Server" DESCRIPTION ="" NAME ="STG_Andhra_Health_data" OBJECTVERSION ="1" TABLEOPTIONS ="" VERSIONNUMBER ="1">
        <TARGETFIELD BUSINESSNAME ="" DATATYPE ="int" DESCRIPTION ="" FIELDNUMBER ="1" KEYTYPE ="PRIMARY KEY" NAME ="Sno" NULLABLE ="NOTNULL" PICTURETEXT ="" PRECISION ="10" SCALE ="0"/>
        <TARGETFIELD BUSINESSNAME ="" DATATYPE ="int" DESCRIPTION ="" FIELDNUMBER ="2" KEYTYPE ="NOT A KEY" NAME ="AGE" NULLABLE ="NULL" PICTURETEXT ="" PRECISION ="10" SCALE ="0"/>
        <TARGETFIELD BUSINESSNAME ="" DATATYPE ="varchar" DESCRIPTION ="" FIELDNUMBER ="3" KEYTYPE ="NOT A KEY" NAME ="SEX" NULLABLE ="NULL" PICTURETEXT ="" PRECISION ="10" SCALE ="0"/>
        <TARGETFIELD BUSINESSNAME ="" DATATYPE ="varchar" DESCRIPTION ="" FIELDNUMBER ="4" KEYTYPE ="NOT A KEY" NAME ="CASTE_NAME" NULLABLE ="NULL" PICTURETEXT ="" PRECISION ="50" SCALE ="0"/>
        <TARGETFIELD BUSINESSNAME ="" DATATYPE ="varchar" DESCRIPTION ="" FIELDNUMBER ="5" KEYTYPE ="NOT A KEY" NAME ="CATEGORY_CODE" NULLABLE ="NULL" PICTURETEXT ="" PRECISION ="50" SCALE ="0"/>
        <TARGETFIELD BUSINESSNAME ="" DATATYPE ="varchar" DESCRIPTION ="" FIELDNUMBER ="6" KEYTYPE ="NOT A KEY" NAME ="CATEGORY_NAME" NULLABLE ="NULL" PICTURETEXT ="" PRECISION ="255" SCALE ="0"/>
        <TARGETFIELD BUSINESSNAME ="" DATATYPE ="varchar" DESCRIPTION ="" FIELDNUMBER ="7" KEYTYPE ="NOT A KEY" NAME ="SURGERY_CODE" NULLABLE ="NULL" PICTURETEXT ="" PRECISION ="50" SCALE ="0"/>
        <TARGETFIELD BUSINESSNAME ="" DATATYPE ="varchar" DESCRIPTION ="" FIELDNUMBER ="8" KEYTYPE ="NOT A KEY" NAME ="SURGERY" NULLABLE ="NULL" PICTURETEXT ="" PRECISION ="255" SCALE ="0"/>
        <TARGETFIELD BUSINESSNAME ="" DATATYPE ="varchar" DESCRIPTION ="" FIELDNUMBER ="9" KEYTYPE ="NOT A KEY" NAME ="VILLAGE" NULLABLE ="NULL" PICTURETEXT ="" PRECISION ="255" SCALE ="0"/>
        <TARGETFIELD BUSINESSNAME ="" DATATYPE ="varchar" DESCRIPTION ="" FIELDNUMBER ="10" KEYTYPE ="NOT A KEY" NAME ="MANDAL_NAME" NULLABLE ="NULL" PICTURETEXT ="" PRECISION ="255" SCALE ="0"/>
        <TARGETFIELD BUSINESSNAME ="" DATATYPE ="varchar" DESCRIPTION ="" FIELDNUMBER ="11" KEYTYPE ="NOT A KEY" NAME ="DISTRICT_NAME" NULLABLE ="NULL" PICTURETEXT ="" PRECISION ="255" SCALE ="0"/>
        <TARGETFIELD BUSINESSNAME ="" DATATYPE ="datetime" DESCRIPTION ="" FIELDNUMBER ="12" KEYTYPE ="NOT A KEY" NAME ="PREAUTH_DATE" NULLABLE ="NULL" PICTURETEXT ="" PRECISION ="23" SCALE ="3"/>
        <TARGETFIELD BUSINESSNAME ="" DATATYPE ="decimal" DESCRIPTION ="" FIELDNUMBER ="13" KEYTYPE ="NOT A KEY" NAME ="PREAUTH_AMT" NULLABLE ="NULL" PICTURETEXT ="" PRECISION ="10" SCALE ="2"/>
        <TARGETFIELD BUSINESSNAME ="" DATATYPE ="datetime" DESCRIPTION ="" FIELDNUMBER ="14" KEYTYPE ="NOT A KEY" NAME ="CLAIM_DATE" NULLABLE ="NULL" PICTURETEXT ="" PRECISION ="23" SCALE ="3"/>
        <TARGETFIELD BUSINESSNAME ="" DATATYPE ="decimal" DESCRIPTION ="" FIELDNUMBER ="15" KEYTYPE ="NOT A KEY" NAME ="CLAIM_AMOUNT" NULLABLE ="NULL" PICTURETEXT ="" PRECISION ="10" SCALE ="2"/>
        <TARGETFIELD BUSINESSNAME ="" DATATYPE ="varchar" DESCRIPTION ="" FIELDNUMBER ="16" KEYTYPE ="NOT A KEY" NAME ="HOSP_NAME" NULLABLE ="NULL" PICTURETEXT ="" PRECISION ="255" SCALE ="0"/>
        <TARGETFIELD BUSINESSNAME ="" DATATYPE ="varchar" DESCRIPTION ="" FIELDNUMBER ="17" KEYTYPE ="NOT A KEY" NAME ="HOSP_TYPE" NULLABLE ="NULL" PICTURETEXT ="" PRECISION ="50" SCALE ="0"/>
        <TARGETFIELD BUSINESSNAME ="" DATATYPE ="varchar" DESCRIPTION ="" FIELDNUMBER ="18" KEYTYPE ="NOT A KEY" NAME ="HOSP_DISTRICT" NULLABLE ="NULL" PICTURETEXT ="" PRECISION ="255" SCALE ="0"/>
        <TARGETFIELD BUSINESSNAME ="" DATATYPE ="datetime" DESCRIPTION ="" FIELDNUMBER ="19" KEYTYPE ="NOT A KEY" NAME ="SURGERY_DATE" NULLABLE ="NULL" PICTURETEXT ="" PRECISION ="23" SCALE ="3"/>
        <TARGETFIELD BUSINESSNAME ="" DATATYPE ="datetime" DESCRIPTION ="" FIELDNUMBER ="20" KEYTYPE ="NOT A KEY" NAME ="DISCHARGE_DATE" NULLABLE ="NULL" PICTURETEXT ="" PRECISION ="23" SCALE ="3"/>
        <TARGETFIELD BUSINESSNAME ="" DATATYPE ="char" DESCRIPTION ="" FIELDNUMBER ="21" KEYTYPE ="NOT A KEY" NAME ="Mortality" NULLABLE ="NULL" PICTURETEXT ="" PRECISION ="1" SCALE ="0"/>
        <TARGETFIELD BUSINESSNAME ="" DATATYPE ="datetime" DESCRIPTION ="" FIELDNUMBER ="22" KEYTYPE ="NOT A KEY" NAME ="MORTALITY_DATE" NULLABLE ="NULL" PICTURETEXT ="" PRECISION ="23" SCALE ="3"/>
        <TARGETFIELD BUSINESSNAME ="" DATATYPE ="varchar" DESCRIPTION ="" FIELDNUMBER ="23" KEYTYPE ="NOT A KEY" NAME ="SRC_REGISTRATION" NULLABLE ="NULL" PICTURETEXT ="" PRECISION ="255" SCALE ="0"/>
    </TARGET>
    <MAPPING DESCRIPTION ="" ISVALID ="YES" NAME ="m_stg_andhra_health_data" OBJECTVERSION ="1" VERSIONNUMBER ="1">
        <TRANSFORMATION DESCRIPTION ="" NAME ="SQ_Andhra_Health_Data" OBJECTVERSION ="1" REUSABLE ="NO" TYPE ="Source Qualifier" VERSIONNUMBER ="1">
            <TRANSFORMFIELD DATATYPE ="decimal" DEFAULTVALUE ="" DESCRIPTION ="" NAME ="Sno" PICTURETEXT ="" PORTTYPE ="INPUT/OUTPUT" PRECISION ="3" SCALE ="0"/>
            <TRANSFORMFIELD DATATYPE ="decimal" DEFAULTVALUE ="" DESCRIPTION ="" NAME ="AGE" PICTURETEXT ="" PORTTYPE ="INPUT/OUTPUT" PRECISION ="2" SCALE ="0"/>
            <TRANSFORMFIELD DATATYPE ="string" DEFAULTVALUE ="" DESCRIPTION ="" NAME ="SEX" PICTURETEXT ="" PORTTYPE ="INPUT/OUTPUT" PRECISION ="13" SCALE ="0"/>
            <TRANSFORMFIELD DATATYPE ="string" DEFAULTVALUE ="" DESCRIPTION ="" NAME ="CASTE_NAME" PICTURETEXT ="" PORTTYPE ="INPUT/OUTPUT" PRECISION ="10" SCALE ="0"/>
            <TRANSFORMFIELD DATATYPE ="string" DEFAULTVALUE ="" DESCRIPTION ="" NAME ="CATEGORY_CODE" PICTURETEXT ="" PORTTYPE ="INPUT/OUTPUT" PRECISION ="3" SCALE ="0"/>
            <TRANSFORMFIELD DATATYPE ="string" DEFAULTVALUE ="" DESCRIPTION ="" NAME ="CATEGORY_NAME" PICTURETEXT ="" PORTTYPE ="INPUT/OUTPUT" PRECISION ="35" SCALE ="0"/>
            <TRANSFORMFIELD DATATYPE ="string" DEFAULTVALUE ="" DESCRIPTION ="" NAME ="SURGERY_CODE" PICTURETEXT ="" PORTTYPE ="INPUT/OUTPUT" PRECISION ="10" SCALE ="0"/>
            <TRANSFORMFIELD DATATYPE ="string" DEFAULTVALUE ="" DESCRIPTION ="" NAME ="SURGERY" PICTURETEXT ="" PORTTYPE ="INPUT/OUTPUT" PRECISION ="178" SCALE ="0"/>
            <TRANSFORMFIELD DATATYPE ="string" DEFAULTVALUE ="" DESCRIPTION ="" NAME ="VILLAGE" PICTURETEXT ="" PORTTYPE ="INPUT/OUTPUT" PRECISION ="28" SCALE ="0"/>
            <TRANSFORMFIELD DATATYPE ="string" DEFAULTVALUE ="" DESCRIPTION ="" NAME ="MANDAL_NAME" PICTURETEXT ="" PORTTYPE ="INPUT/OUTPUT" PRECISION ="24" SCALE ="0"/>
            <TRANSFORMFIELD DATATYPE ="string" DEFAULTVALUE ="" DESCRIPTION ="" NAME ="DISTRICT_NAME" PICTURETEXT ="" PORTTYPE ="INPUT/OUTPUT" PRECISION ="14" SCALE ="0"/>
            <TRANSFORMFIELD DATATYPE ="string" DEFAULTVALUE ="" DESCRIPTION ="" NAME ="PREAUTH_DATE" PICTURETEXT ="" PORTTYPE ="INPUT/OUTPUT" PRECISION ="16" SCALE ="0"/>
            <TRANSFORMFIELD DATATYPE ="decimal" DEFAULTVALUE ="" DESCRIPTION ="" NAME ="PREAUTH_AMT" PICTURETEXT ="" PORTTYPE ="INPUT/OUTPUT" PRECISION ="6" SCALE ="0"/>
            <TRANSFORMFIELD DATATYPE ="string" DEFAULTVALUE ="" DESCRIPTION ="" NAME ="CLAIM_DATE" PICTURETEXT ="" PORTTYPE ="INPUT/OUTPUT" PRECISION ="16" SCALE ="0"/>
            <TRANSFORMFIELD DATATYPE ="decimal" DEFAULTVALUE ="" DESCRIPTION ="" NAME ="CLAIM_AMOUNT" PICTURETEXT ="" PORTTYPE ="INPUT/OUTPUT" PRECISION ="6" SCALE ="0"/>
            <TRANSFORMFIELD DATATYPE ="string" DEFAULTVALUE ="" DESCRIPTION ="" NAME ="HOSP_NAME" PICTURETEXT ="" PORTTYPE ="INPUT/OUTPUT" PRECISION ="77" SCALE ="0"/>
            <TRANSFORMFIELD DATATYPE ="string" DEFAULTVALUE ="" DESCRIPTION ="" NAME ="HOSP_TYPE" PICTURETEXT ="" PORTTYPE ="INPUT/OUTPUT" PRECISION ="1" SCALE ="0"/>
            <TRANSFORMFIELD DATATYPE ="string" DEFAULTVALUE ="" DESCRIPTION ="" NAME ="HOSP_DISTRICT" PICTURETEXT ="" PORTTYPE ="INPUT/OUTPUT" PRECISION ="14" SCALE ="0"/>
            <TRANSFORMFIELD DATATYPE ="string" DEFAULTVALUE ="" DESCRIPTION ="" NAME ="SURGERY_DATE" PICTURETEXT ="" PORTTYPE ="INPUT/OUTPUT" PRECISION ="16" SCALE ="0"/>
            <TRANSFORMFIELD DATATYPE ="string" DEFAULTVALUE ="" DESCRIPTION ="" NAME ="DISCHARGE_DATE" PICTURETEXT ="" PORTTYPE ="INPUT/OUTPUT" PRECISION ="16" SCALE ="0"/>
            <TRANSFORMFIELD DATATYPE ="string" DEFAULTVALUE ="" DESCRIPTION ="" NAME ="Mortality_Y___N" PICTURETEXT ="" PORTTYPE ="INPUT/OUTPUT" PRECISION ="3" SCALE ="0"/>
            <TRANSFORMFIELD DATATYPE ="string" DEFAULTVALUE ="" DESCRIPTION ="" NAME ="MORTALITY_DATE" PICTURETEXT ="" PORTTYPE ="INPUT/OUTPUT" PRECISION ="16" SCALE ="0"/>
            <TRANSFORMFIELD DATATYPE ="string" DEFAULTVALUE ="" DESCRIPTION ="" NAME ="SRC_REGISTRATION" PICTURETEXT ="" PORTTYPE ="INPUT/OUTPUT" PRECISION ="3" SCALE ="0"/>
            <TABLEATTRIBUTE NAME ="Sql Query" VALUE =""/>
            <TABLEATTRIBUTE NAME ="User Defined Join" VALUE =""/>
            <TABLEATTRIBUTE NAME ="Source Filter" VALUE =""/>
            <TABLEATTRIBUTE NAME ="Number Of Sorted Ports" VALUE ="0"/>
            <TABLEATTRIBUTE NAME ="Tracing Level" VALUE ="Normal"/>
            <TABLEATTRIBUTE NAME ="Select Distinct" VALUE ="NO"/>
            <TABLEATTRIBUTE NAME ="Is Partitionable" VALUE ="NO"/>
            <TABLEATTRIBUTE NAME ="Pre SQL" VALUE =""/>
            <TABLEATTRIBUTE NAME ="Post SQL" VALUE =""/>
            <TABLEATTRIBUTE NAME ="Output is deterministic" VALUE ="NO"/>
            <TABLEATTRIBUTE NAME ="Output is repeatable" VALUE ="Never"/>
        </TRANSFORMATION>
        <TRANSFORMATION DESCRIPTION ="" NAME ="exp_STG_Andhra_Health_Data" OBJECTVERSION ="1" REUSABLE ="NO" TYPE ="Expression" VERSIONNUMBER ="1">
            <TRANSFORMFIELD DATATYPE ="decimal" DEFAULTVALUE ="" DESCRIPTION ="" EXPRESSION ="Sno" EXPRESSIONTYPE ="GENERAL" NAME ="Sno" PICTURETEXT ="" PORTTYPE ="INPUT/OUTPUT" PRECISION ="3" SCALE ="0"/>
            <TRANSFORMFIELD DATATYPE ="decimal" DEFAULTVALUE ="" DESCRIPTION ="" EXPRESSION ="AGE" EXPRESSIONTYPE ="GENERAL" NAME ="AGE" PICTURETEXT ="" PORTTYPE ="INPUT/OUTPUT" PRECISION ="2" SCALE ="0"/>
            <TRANSFORMFIELD DATATYPE ="string" DEFAULTVALUE ="" DESCRIPTION ="" EXPRESSION ="SEX" EXPRESSIONTYPE ="GENERAL" NAME ="SEX" PICTURETEXT ="" PORTTYPE ="INPUT/OUTPUT" PRECISION ="13" SCALE ="0"/>
            <TRANSFORMFIELD DATATYPE ="string" DEFAULTVALUE ="" DESCRIPTION ="" EXPRESSION ="CASTE_NAME" EXPRESSIONTYPE ="GENERAL" NAME ="CASTE_NAME" PICTURETEXT ="" PORTTYPE ="INPUT/OUTPUT" PRECISION ="10" SCALE ="0"/>
            <TRANSFORMFIELD DATATYPE ="string" DEFAULTVALUE ="" DESCRIPTION ="" EXPRESSION ="CATEGORY_CODE" EXPRESSIONTYPE ="GENERAL" NAME ="CATEGORY_CODE" PICTURETEXT ="" PORTTYPE ="INPUT/OUTPUT" PRECISION ="3" SCALE ="0"/>
            <TRANSFORMFIELD DATATYPE ="string" DEFAULTVALUE ="" DESCRIPTION ="" EXPRESSION ="CATEGORY_NAME" EXPRESSIONTYPE ="GENERAL" NAME ="CATEGORY_NAME" PICTURETEXT ="" PORTTYPE ="INPUT/OUTPUT" PRECISION ="35" SCALE ="0"/>
            <TRANSFORMFIELD DATATYPE ="string" DEFAULTVALUE ="" DESCRIPTION ="" EXPRESSION ="SURGERY_CODE" EXPRESSIONTYPE ="GENERAL" NAME ="SURGERY_CODE" PICTURETEXT ="" PORTTYPE ="INPUT/OUTPUT" PRECISION ="10" SCALE ="0"/>
            <TRANSFORMFIELD DATATYPE ="string" DEFAULTVALUE ="" DESCRIPTION ="" EXPRESSION ="SURGERY" EXPRESSIONTYPE ="GENERAL" NAME ="SURGERY" PICTURETEXT ="" PORTTYPE ="INPUT/OUTPUT" PRECISION ="178" SCALE ="0"/>
            <TRANSFORMFIELD DATATYPE ="string" DEFAULTVALUE ="" DESCRIPTION ="" EXPRESSION ="VILLAGE" EXPRESSIONTYPE ="GENERAL" NAME ="VILLAGE" PICTURETEXT ="" PORTTYPE ="INPUT/OUTPUT" PRECISION ="28" SCALE ="0"/>
            <TRANSFORMFIELD DATATYPE ="string" DEFAULTVALUE ="" DESCRIPTION ="" EXPRESSION ="MANDAL_NAME" EXPRESSIONTYPE ="GENERAL" NAME ="MANDAL_NAME" PICTURETEXT ="" PORTTYPE ="INPUT/OUTPUT" PRECISION ="24" SCALE ="0"/>
            <TRANSFORMFIELD DATATYPE ="string" DEFAULTVALUE ="" DESCRIPTION ="" EXPRESSION ="DISTRICT_NAME" EXPRESSIONTYPE ="GENERAL" NAME ="DISTRICT_NAME" PICTURETEXT ="" PORTTYPE ="INPUT/OUTPUT" PRECISION ="14" SCALE ="0"/>
            <TRANSFORMFIELD DATATYPE ="string" DEFAULTVALUE ="" DESCRIPTION ="" EXPRESSION ="PREAUTH_DATE" EXPRESSIONTYPE ="GENERAL" NAME ="PREAUTH_DATE" PICTURETEXT ="" PORTTYPE ="INPUT/OUTPUT" PRECISION ="16" SCALE ="0"/>
            <TRANSFORMFIELD DATATYPE ="date/time" DEFAULTVALUE ="ERROR(&apos;transformation error&apos;)" DESCRIPTION ="" EXPRESSION ="TO_DATE(PREAUTH_DATE,&apos;DD-MM-YYYY HH24:MI&apos;)" EXPRESSIONTYPE ="GENERAL" NAME ="PREAUTH_DATE_out" PICTURETEXT ="" PORTTYPE ="OUTPUT" PRECISION ="29" SCALE ="9"/>
            <TRANSFORMFIELD DATATYPE ="decimal" DEFAULTVALUE ="" DESCRIPTION ="" EXPRESSION ="PREAUTH_AMT" EXPRESSIONTYPE ="GENERAL" NAME ="PREAUTH_AMT" PICTURETEXT ="" PORTTYPE ="INPUT/OUTPUT" PRECISION ="6" SCALE ="0"/>
            <TRANSFORMFIELD DATATYPE ="string" DEFAULTVALUE ="" DESCRIPTION ="" EXPRESSION ="CLAIM_DATE" EXPRESSIONTYPE ="GENERAL" NAME ="CLAIM_DATE" PICTURETEXT ="" PORTTYPE ="INPUT/OUTPUT" PRECISION ="16" SCALE ="0"/>
            <TRANSFORMFIELD DATATYPE ="date/time" DEFAULTVALUE ="ERROR(&apos;transformation error&apos;)" DESCRIPTION ="" EXPRESSION ="TO_DATE(CLAIM_DATE,&apos;DD-MM-YYYY HH24:MI&apos;)" EXPRESSIONTYPE ="GENERAL" NAME ="CLAIM_DATE_out" PICTURETEXT ="" PORTTYPE ="OUTPUT" PRECISION ="29" SCALE ="9"/>
            <TRANSFORMFIELD DATATYPE ="decimal" DEFAULTVALUE ="" DESCRIPTION ="" EXPRESSION ="CLAIM_AMOUNT" EXPRESSIONTYPE ="GENERAL" NAME ="CLAIM_AMOUNT" PICTURETEXT ="" PORTTYPE ="INPUT/OUTPUT" PRECISION ="6" SCALE ="0"/>
            <TRANSFORMFIELD DATATYPE ="string" DEFAULTVALUE ="" DESCRIPTION ="" EXPRESSION ="HOSP_NAME" EXPRESSIONTYPE ="GENERAL" NAME ="HOSP_NAME" PICTURETEXT ="" PORTTYPE ="INPUT/OUTPUT" PRECISION ="77" SCALE ="0"/>
            <TRANSFORMFIELD DATATYPE ="string" DEFAULTVALUE ="" DESCRIPTION ="" EXPRESSION ="HOSP_TYPE" EXPRESSIONTYPE ="GENERAL" NAME ="HOSP_TYPE" PICTURETEXT ="" PORTTYPE ="INPUT/OUTPUT" PRECISION ="1" SCALE ="0"/>
            <TRANSFORMFIELD DATATYPE ="string" DEFAULTVALUE ="" DESCRIPTION ="" EXPRESSION ="HOSP_DISTRICT" EXPRESSIONTYPE ="GENERAL" NAME ="HOSP_DISTRICT" PICTURETEXT ="" PORTTYPE ="INPUT/OUTPUT" PRECISION ="14" SCALE ="0"/>
            <TRANSFORMFIELD DATATYPE ="string" DEFAULTVALUE ="" DESCRIPTION ="" EXPRESSION ="SURGERY_DATE" EXPRESSIONTYPE ="GENERAL" NAME ="SURGERY_DATE" PICTURETEXT ="" PORTTYPE ="INPUT/OUTPUT" PRECISION ="16" SCALE ="0"/>
            <TRANSFORMFIELD DATATYPE ="date/time" DEFAULTVALUE ="ERROR(&apos;transformation error&apos;)" DESCRIPTION ="" EXPRESSION ="TO_DATE(SURGERY_DATE,&apos;DD-MM-YYYY HH24:MI&apos;)" EXPRESSIONTYPE ="GENERAL" NAME ="SURGERY_DATE_out" PICTURETEXT ="" PORTTYPE ="OUTPUT" PRECISION ="29" SCALE ="9"/>
            <TRANSFORMFIELD DATATYPE ="string" DEFAULTVALUE ="" DESCRIPTION ="" EXPRESSION ="DISCHARGE_DATE" EXPRESSIONTYPE ="GENERAL" NAME ="DISCHARGE_DATE" PICTURETEXT ="" PORTTYPE ="INPUT/OUTPUT" PRECISION ="16" SCALE ="0"/>
            <TRANSFORMFIELD DATATYPE ="date/time" DEFAULTVALUE ="ERROR(&apos;transformation error&apos;)" DESCRIPTION ="" EXPRESSION ="IIF(IS_DATE(DISCHARGE_DATE,&apos;DD-MM-YYYY HH24:MI&apos;)=1,TO_DATE(DISCHARGE_DATE,&apos;DD-MM-YYYY HH24:MI&apos;),&#xD;&#xA;IIF(IS_DATE(DISCHARGE_DATE,&apos;DD/MM/YYYY HH24:MI:SS&apos;)=1,TO_DATE(DISCHARGE_DATE,&apos;DD-MM-YYYY HH24:MI&apos;)))" EXPRESSIONTYPE ="GENERAL" NAME ="DISCHARGE_DATE_out" PICTURETEXT ="" PORTTYPE ="OUTPUT" PRECISION ="29" SCALE ="9"/>
            <TRANSFORMFIELD DATATYPE ="string" DEFAULTVALUE ="" DESCRIPTION ="" EXPRESSION ="Mortality_Y___N" EXPRESSIONTYPE ="GENERAL" NAME ="Mortality_Y___N" PICTURETEXT ="" PORTTYPE ="INPUT/OUTPUT" PRECISION ="3" SCALE ="0"/>
            <TRANSFORMFIELD DATATYPE ="string" DEFAULTVALUE ="" DESCRIPTION ="" EXPRESSION ="MORTALITY_DATE" EXPRESSIONTYPE ="GENERAL" NAME ="MORTALITY_DATE" PICTURETEXT ="" PORTTYPE ="INPUT/OUTPUT" PRECISION ="16" SCALE ="0"/>
            <TRANSFORMFIELD DATATYPE ="date/time" DEFAULTVALUE ="ERROR(&apos;transformation error&apos;)" DESCRIPTION ="" EXPRESSION ="TO_DATE(MORTALITY_DATE,&apos;DD-MM-YYYY HH24:MI&apos;)" EXPRESSIONTYPE ="GENERAL" NAME ="MORTALITY_DATE_out" PICTURETEXT ="" PORTTYPE ="OUTPUT" PRECISION ="29" SCALE ="9"/>
            <TRANSFORMFIELD DATATYPE ="string" DEFAULTVALUE ="" DESCRIPTION ="" EXPRESSION ="SRC_REGISTRATION" EXPRESSIONTYPE ="GENERAL" NAME ="SRC_REGISTRATION" PICTURETEXT ="" PORTTYPE ="INPUT/OUTPUT" PRECISION ="3" SCALE ="0"/>
            <TABLEATTRIBUTE NAME ="Tracing Level" VALUE ="Normal"/>
        </TRANSFORMATION>
        <INSTANCE DESCRIPTION ="" NAME ="STG_Andhra_Health_data" TRANSFORMATION_NAME ="STG_Andhra_Health_data" TRANSFORMATION_TYPE ="Target Definition" TYPE ="TARGET"/>
        <INSTANCE DBDNAME ="FlatFile" DESCRIPTION ="" NAME ="Andhra_Health_Data" TRANSFORMATION_NAME ="Andhra_Health_Data" TRANSFORMATION_TYPE ="Source Definition" TYPE ="SOURCE"/>
        <INSTANCE DESCRIPTION ="" NAME ="SQ_Andhra_Health_Data" REUSABLE ="NO" TRANSFORMATION_NAME ="SQ_Andhra_Health_Data" TRANSFORMATION_TYPE ="Source Qualifier" TYPE ="TRANSFORMATION">
            <ASSOCIATED_SOURCE_INSTANCE NAME ="Andhra_Health_Data"/>
        </INSTANCE>
        <INSTANCE DESCRIPTION ="" NAME ="exp_STG_Andhra_Health_Data" REUSABLE ="NO" TRANSFORMATION_NAME ="exp_STG_Andhra_Health_Data" TRANSFORMATION_TYPE ="Expression" TYPE ="TRANSFORMATION"/>
        <CONNECTOR FROMFIELD ="Sno" FROMINSTANCE ="exp_STG_Andhra_Health_Data" FROMINSTANCETYPE ="Expression" TOFIELD ="Sno" TOINSTANCE ="STG_Andhra_Health_data" TOINSTANCETYPE ="Target Definition"/>
        <CONNECTOR FROMFIELD ="AGE" FROMINSTANCE ="exp_STG_Andhra_Health_Data" FROMINSTANCETYPE ="Expression" TOFIELD ="AGE" TOINSTANCE ="STG_Andhra_Health_data" TOINSTANCETYPE ="Target Definition"/>
        <CONNECTOR FROMFIELD ="SEX" FROMINSTANCE ="exp_STG_Andhra_Health_Data" FROMINSTANCETYPE ="Expression" TOFIELD ="SEX" TOINSTANCE ="STG_Andhra_Health_data" TOINSTANCETYPE ="Target Definition"/>
        <CONNECTOR FROMFIELD ="CASTE_NAME" FROMINSTANCE ="exp_STG_Andhra_Health_Data" FROMINSTANCETYPE ="Expression" TOFIELD ="CASTE_NAME" TOINSTANCE ="STG_Andhra_Health_data" TOINSTANCETYPE ="Target Definition"/>
        <CONNECTOR FROMFIELD ="CATEGORY_CODE" FROMINSTANCE ="exp_STG_Andhra_Health_Data" FROMINSTANCETYPE ="Expression" TOFIELD ="CATEGORY_CODE" TOINSTANCE ="STG_Andhra_Health_data" TOINSTANCETYPE ="Target Definition"/>
        <CONNECTOR FROMFIELD ="CATEGORY_NAME" FROMINSTANCE ="exp_STG_Andhra_Health_Data" FROMINSTANCETYPE ="Expression" TOFIELD ="CATEGORY_NAME" TOINSTANCE ="STG_Andhra_Health_data" TOINSTANCETYPE ="Target Definition"/>
        <CONNECTOR FROMFIELD ="SURGERY_CODE" FROMINSTANCE ="exp_STG_Andhra_Health_Data" FROMINSTANCETYPE ="Expression" TOFIELD ="SURGERY_CODE" TOINSTANCE ="STG_Andhra_Health_data" TOINSTANCETYPE ="Target Definition"/>
        <CONNECTOR FROMFIELD ="SURGERY" FROMINSTANCE ="exp_STG_Andhra_Health_Data" FROMINSTANCETYPE ="Expression" TOFIELD ="SURGERY" TOINSTANCE ="STG_Andhra_Health_data" TOINSTANCETYPE ="Target Definition"/>
        <CONNECTOR FROMFIELD ="VILLAGE" FROMINSTANCE ="exp_STG_Andhra_Health_Data" FROMINSTANCETYPE ="Expression" TOFIELD ="VILLAGE" TOINSTANCE ="STG_Andhra_Health_data" TOINSTANCETYPE ="Target Definition"/>
        <CONNECTOR FROMFIELD ="MANDAL_NAME" FROMINSTANCE ="exp_STG_Andhra_Health_Data" FROMINSTANCETYPE ="Expression" TOFIELD ="MANDAL_NAME" TOINSTANCE ="STG_Andhra_Health_data" TOINSTANCETYPE ="Target Definition"/>
        <CONNECTOR FROMFIELD ="DISTRICT_NAME" FROMINSTANCE ="exp_STG_Andhra_Health_Data" FROMINSTANCETYPE ="Expression" TOFIELD ="DISTRICT_NAME" TOINSTANCE ="STG_Andhra_Health_data" TOINSTANCETYPE ="Target Definition"/>
        <CONNECTOR FROMFIELD ="PREAUTH_DATE_out" FROMINSTANCE ="exp_STG_Andhra_Health_Data" FROMINSTANCETYPE ="Expression" TOFIELD ="PREAUTH_DATE" TOINSTANCE ="STG_Andhra_Health_data" TOINSTANCETYPE ="Target Definition"/>
        <CONNECTOR FROMFIELD ="PREAUTH_AMT" FROMINSTANCE ="exp_STG_Andhra_Health_Data" FROMINSTANCETYPE ="Expression" TOFIELD ="PREAUTH_AMT" TOINSTANCE ="STG_Andhra_Health_data" TOINSTANCETYPE ="Target Definition"/>
        <CONNECTOR FROMFIELD ="CLAIM_DATE_out" FROMINSTANCE ="exp_STG_Andhra_Health_Data" FROMINSTANCETYPE ="Expression" TOFIELD ="CLAIM_DATE" TOINSTANCE ="STG_Andhra_Health_data" TOINSTANCETYPE ="Target Definition"/>
        <CONNECTOR FROMFIELD ="CLAIM_AMOUNT" FROMINSTANCE ="exp_STG_Andhra_Health_Data" FROMINSTANCETYPE ="Expression" TOFIELD ="CLAIM_AMOUNT" TOINSTANCE ="STG_Andhra_Health_data" TOINSTANCETYPE ="Target Definition"/>
        <CONNECTOR FROMFIELD ="HOSP_NAME" FROMINSTANCE ="exp_STG_Andhra_Health_Data" FROMINSTANCETYPE ="Expression" TOFIELD ="HOSP_NAME" TOINSTANCE ="STG_Andhra_Health_data" TOINSTANCETYPE ="Target Definition"/>
        <CONNECTOR FROMFIELD ="HOSP_TYPE" FROMINSTANCE ="exp_STG_Andhra_Health_Data" FROMINSTANCETYPE ="Expression" TOFIELD ="HOSP_TYPE" TOINSTANCE ="STG_Andhra_Health_data" TOINSTANCETYPE ="Target Definition"/>
        <CONNECTOR FROMFIELD ="HOSP_DISTRICT" FROMINSTANCE ="exp_STG_Andhra_Health_Data" FROMINSTANCETYPE ="Expression" TOFIELD ="HOSP_DISTRICT" TOINSTANCE ="STG_Andhra_Health_data" TOINSTANCETYPE ="Target Definition"/>
        <CONNECTOR FROMFIELD ="SURGERY_DATE_out" FROMINSTANCE ="exp_STG_Andhra_Health_Data" FROMINSTANCETYPE ="Expression" TOFIELD ="SURGERY_DATE" TOINSTANCE ="STG_Andhra_Health_data" TOINSTANCETYPE ="Target Definition"/>
        <CONNECTOR FROMFIELD ="DISCHARGE_DATE_out" FROMINSTANCE ="exp_STG_Andhra_Health_Data" FROMINSTANCETYPE ="Expression" TOFIELD ="DISCHARGE_DATE" TOINSTANCE ="STG_Andhra_Health_data" TOINSTANCETYPE ="Target Definition"/>
        <CONNECTOR FROMFIELD ="Mortality_Y___N" FROMINSTANCE ="exp_STG_Andhra_Health_Data" FROMINSTANCETYPE ="Expression" TOFIELD ="Mortality" TOINSTANCE ="STG_Andhra_Health_data" TOINSTANCETYPE ="Target Definition"/>
        <CONNECTOR FROMFIELD ="MORTALITY_DATE_out" FROMINSTANCE ="exp_STG_Andhra_Health_Data" FROMINSTANCETYPE ="Expression" TOFIELD ="MORTALITY_DATE" TOINSTANCE ="STG_Andhra_Health_data" TOINSTANCETYPE ="Target Definition"/>
        <CONNECTOR FROMFIELD ="SRC_REGISTRATION" FROMINSTANCE ="exp_STG_Andhra_Health_Data" FROMINSTANCETYPE ="Expression" TOFIELD ="SRC_REGISTRATION" TOINSTANCE ="STG_Andhra_Health_data" TOINSTANCETYPE ="Target Definition"/>
        <CONNECTOR FROMFIELD ="Sno" FROMINSTANCE ="Andhra_Health_Data" FROMINSTANCETYPE ="Source Definition" TOFIELD ="Sno" TOINSTANCE ="SQ_Andhra_Health_Data" TOINSTANCETYPE ="Source Qualifier"/>
        <CONNECTOR FROMFIELD ="AGE" FROMINSTANCE ="Andhra_Health_Data" FROMINSTANCETYPE ="Source Definition" TOFIELD ="AGE" TOINSTANCE ="SQ_Andhra_Health_Data" TOINSTANCETYPE ="Source Qualifier"/>
        <CONNECTOR FROMFIELD ="SEX" FROMINSTANCE ="Andhra_Health_Data" FROMINSTANCETYPE ="Source Definition" TOFIELD ="SEX" TOINSTANCE ="SQ_Andhra_Health_Data" TOINSTANCETYPE ="Source Qualifier"/>
        <CONNECTOR FROMFIELD ="CASTE_NAME" FROMINSTANCE ="Andhra_Health_Data" FROMINSTANCETYPE ="Source Definition" TOFIELD ="CASTE_NAME" TOINSTANCE ="SQ_Andhra_Health_Data" TOINSTANCETYPE ="Source Qualifier"/>
        <CONNECTOR FROMFIELD ="CATEGORY_CODE" FROMINSTANCE ="Andhra_Health_Data" FROMINSTANCETYPE ="Source Definition" TOFIELD ="CATEGORY_CODE" TOINSTANCE ="SQ_Andhra_Health_Data" TOINSTANCETYPE ="Source Qualifier"/>
        <CONNECTOR FROMFIELD ="CATEGORY_NAME" FROMINSTANCE ="Andhra_Health_Data" FROMINSTANCETYPE ="Source Definition" TOFIELD ="CATEGORY_NAME" TOINSTANCE ="SQ_Andhra_Health_Data" TOINSTANCETYPE ="Source Qualifier"/>
        <CONNECTOR FROMFIELD ="SURGERY_CODE" FROMINSTANCE ="Andhra_Health_Data" FROMINSTANCETYPE ="Source Definition" TOFIELD ="SURGERY_CODE" TOINSTANCE ="SQ_Andhra_Health_Data" TOINSTANCETYPE ="Source Qualifier"/>
        <CONNECTOR FROMFIELD ="SURGERY" FROMINSTANCE ="Andhra_Health_Data" FROMINSTANCETYPE ="Source Definition" TOFIELD ="SURGERY" TOINSTANCE ="SQ_Andhra_Health_Data" TOINSTANCETYPE ="Source Qualifier"/>
        <CONNECTOR FROMFIELD ="VILLAGE" FROMINSTANCE ="Andhra_Health_Data" FROMINSTANCETYPE ="Source Definition" TOFIELD ="VILLAGE" TOINSTANCE ="SQ_Andhra_Health_Data" TOINSTANCETYPE ="Source Qualifier"/>
        <CONNECTOR FROMFIELD ="MANDAL_NAME" FROMINSTANCE ="Andhra_Health_Data" FROMINSTANCETYPE ="Source Definition" TOFIELD ="MANDAL_NAME" TOINSTANCE ="SQ_Andhra_Health_Data" TOINSTANCETYPE ="Source Qualifier"/>
        <CONNECTOR FROMFIELD ="DISTRICT_NAME" FROMINSTANCE ="Andhra_Health_Data" FROMINSTANCETYPE ="Source Definition" TOFIELD ="DISTRICT_NAME" TOINSTANCE ="SQ_Andhra_Health_Data" TOINSTANCETYPE ="Source Qualifier"/>
        <CONNECTOR FROMFIELD ="PREAUTH_DATE" FROMINSTANCE ="Andhra_Health_Data" FROMINSTANCETYPE ="Source Definition" TOFIELD ="PREAUTH_DATE" TOINSTANCE ="SQ_Andhra_Health_Data" TOINSTANCETYPE ="Source Qualifier"/>
        <CONNECTOR FROMFIELD ="PREAUTH_AMT" FROMINSTANCE ="Andhra_Health_Data" FROMINSTANCETYPE ="Source Definition" TOFIELD ="PREAUTH_AMT" TOINSTANCE ="SQ_Andhra_Health_Data" TOINSTANCETYPE ="Source Qualifier"/>
        <CONNECTOR FROMFIELD ="CLAIM_DATE" FROMINSTANCE ="Andhra_Health_Data" FROMINSTANCETYPE ="Source Definition" TOFIELD ="CLAIM_DATE" TOINSTANCE ="SQ_Andhra_Health_Data" TOINSTANCETYPE ="Source Qualifier"/>
        <CONNECTOR FROMFIELD ="CLAIM_AMOUNT" FROMINSTANCE ="Andhra_Health_Data" FROMINSTANCETYPE ="Source Definition" TOFIELD ="CLAIM_AMOUNT" TOINSTANCE ="SQ_Andhra_Health_Data" TOINSTANCETYPE ="Source Qualifier"/>
        <CONNECTOR FROMFIELD ="HOSP_NAME" FROMINSTANCE ="Andhra_Health_Data" FROMINSTANCETYPE ="Source Definition" TOFIELD ="HOSP_NAME" TOINSTANCE ="SQ_Andhra_Health_Data" TOINSTANCETYPE ="Source Qualifier"/>
        <CONNECTOR FROMFIELD ="HOSP_TYPE" FROMINSTANCE ="Andhra_Health_Data" FROMINSTANCETYPE ="Source Definition" TOFIELD ="HOSP_TYPE" TOINSTANCE ="SQ_Andhra_Health_Data" TOINSTANCETYPE ="Source Qualifier"/>
        <CONNECTOR FROMFIELD ="HOSP_DISTRICT" FROMINSTANCE ="Andhra_Health_Data" FROMINSTANCETYPE ="Source Definition" TOFIELD ="HOSP_DISTRICT" TOINSTANCE ="SQ_Andhra_Health_Data" TOINSTANCETYPE ="Source Qualifier"/>
        <CONNECTOR FROMFIELD ="SURGERY_DATE" FROMINSTANCE ="Andhra_Health_Data" FROMINSTANCETYPE ="Source Definition" TOFIELD ="SURGERY_DATE" TOINSTANCE ="SQ_Andhra_Health_Data" TOINSTANCETYPE ="Source Qualifier"/>
        <CONNECTOR FROMFIELD ="DISCHARGE_DATE" FROMINSTANCE ="Andhra_Health_Data" FROMINSTANCETYPE ="Source Definition" TOFIELD ="DISCHARGE_DATE" TOINSTANCE ="SQ_Andhra_Health_Data" TOINSTANCETYPE ="Source Qualifier"/>
        <CONNECTOR FROMFIELD ="Mortality_Y_/_N" FROMINSTANCE ="Andhra_Health_Data" FROMINSTANCETYPE ="Source Definition" TOFIELD ="Mortality_Y___N" TOINSTANCE ="SQ_Andhra_Health_Data" TOINSTANCETYPE ="Source Qualifier"/>
        <CONNECTOR FROMFIELD ="MORTALITY_DATE" FROMINSTANCE ="Andhra_Health_Data" FROMINSTANCETYPE ="Source Definition" TOFIELD ="MORTALITY_DATE" TOINSTANCE ="SQ_Andhra_Health_Data" TOINSTANCETYPE ="Source Qualifier"/>
        <CONNECTOR FROMFIELD ="SRC_REGISTRATION" FROMINSTANCE ="Andhra_Health_Data" FROMINSTANCETYPE ="Source Definition" TOFIELD ="SRC_REGISTRATION" TOINSTANCE ="SQ_Andhra_Health_Data" TOINSTANCETYPE ="Source Qualifier"/>
        <CONNECTOR FROMFIELD ="Sno" FROMINSTANCE ="SQ_Andhra_Health_Data" FROMINSTANCETYPE ="Source Qualifier" TOFIELD ="Sno" TOINSTANCE ="exp_STG_Andhra_Health_Data" TOINSTANCETYPE ="Expression"/>
        <CONNECTOR FROMFIELD ="AGE" FROMINSTANCE ="SQ_Andhra_Health_Data" FROMINSTANCETYPE ="Source Qualifier" TOFIELD ="AGE" TOINSTANCE ="exp_STG_Andhra_Health_Data" TOINSTANCETYPE ="Expression"/>
        <CONNECTOR FROMFIELD ="SEX" FROMINSTANCE ="SQ_Andhra_Health_Data" FROMINSTANCETYPE ="Source Qualifier" TOFIELD ="SEX" TOINSTANCE ="exp_STG_Andhra_Health_Data" TOINSTANCETYPE ="Expression"/>
        <CONNECTOR FROMFIELD ="CASTE_NAME" FROMINSTANCE ="SQ_Andhra_Health_Data" FROMINSTANCETYPE ="Source Qualifier" TOFIELD ="CASTE_NAME" TOINSTANCE ="exp_STG_Andhra_Health_Data" TOINSTANCETYPE ="Expression"/>
        <CONNECTOR FROMFIELD ="CATEGORY_CODE" FROMINSTANCE ="SQ_Andhra_Health_Data" FROMINSTANCETYPE ="Source Qualifier" TOFIELD ="CATEGORY_CODE" TOINSTANCE ="exp_STG_Andhra_Health_Data" TOINSTANCETYPE ="Expression"/>
        <CONNECTOR FROMFIELD ="CATEGORY_NAME" FROMINSTANCE ="SQ_Andhra_Health_Data" FROMINSTANCETYPE ="Source Qualifier" TOFIELD ="CATEGORY_NAME" TOINSTANCE ="exp_STG_Andhra_Health_Data" TOINSTANCETYPE ="Expression"/>
        <CONNECTOR FROMFIELD ="SURGERY_CODE" FROMINSTANCE ="SQ_Andhra_Health_Data" FROMINSTANCETYPE ="Source Qualifier" TOFIELD ="SURGERY_CODE" TOINSTANCE ="exp_STG_Andhra_Health_Data" TOINSTANCETYPE ="Expression"/>
        <CONNECTOR FROMFIELD ="SURGERY" FROMINSTANCE ="SQ_Andhra_Health_Data" FROMINSTANCETYPE ="Source Qualifier" TOFIELD ="SURGERY" TOINSTANCE ="exp_STG_Andhra_Health_Data" TOINSTANCETYPE ="Expression"/>
        <CONNECTOR FROMFIELD ="VILLAGE" FROMINSTANCE ="SQ_Andhra_Health_Data" FROMINSTANCETYPE ="Source Qualifier" TOFIELD ="VILLAGE" TOINSTANCE ="exp_STG_Andhra_Health_Data" TOINSTANCETYPE ="Expression"/>
        <CONNECTOR FROMFIELD ="MANDAL_NAME" FROMINSTANCE ="SQ_Andhra_Health_Data" FROMINSTANCETYPE ="Source Qualifier" TOFIELD ="MANDAL_NAME" TOINSTANCE ="exp_STG_Andhra_Health_Data" TOINSTANCETYPE ="Expression"/>
        <CONNECTOR FROMFIELD ="DISTRICT_NAME" FROMINSTANCE ="SQ_Andhra_Health_Data" FROMINSTANCETYPE ="Source Qualifier" TOFIELD ="DISTRICT_NAME" TOINSTANCE ="exp_STG_Andhra_Health_Data" TOINSTANCETYPE ="Expression"/>
        <CONNECTOR FROMFIELD ="PREAUTH_DATE" FROMINSTANCE ="SQ_Andhra_Health_Data" FROMINSTANCETYPE ="Source Qualifier" TOFIELD ="PREAUTH_DATE" TOINSTANCE ="exp_STG_Andhra_Health_Data" TOINSTANCETYPE ="Expression"/>
        <CONNECTOR FROMFIELD ="PREAUTH_AMT" FROMINSTANCE ="SQ_Andhra_Health_Data" FROMINSTANCETYPE ="Source Qualifier" TOFIELD ="PREAUTH_AMT" TOINSTANCE ="exp_STG_Andhra_Health_Data" TOINSTANCETYPE ="Expression"/>
        <CONNECTOR FROMFIELD ="CLAIM_DATE" FROMINSTANCE ="SQ_Andhra_Health_Data" FROMINSTANCETYPE ="Source Qualifier" TOFIELD ="CLAIM_DATE" TOINSTANCE ="exp_STG_Andhra_Health_Data" TOINSTANCETYPE ="Expression"/>
        <CONNECTOR FROMFIELD ="CLAIM_AMOUNT" FROMINSTANCE ="SQ_Andhra_Health_Data" FROMINSTANCETYPE ="Source Qualifier" TOFIELD ="CLAIM_AMOUNT" TOINSTANCE ="exp_STG_Andhra_Health_Data" TOINSTANCETYPE ="Expression"/>
        <CONNECTOR FROMFIELD ="HOSP_NAME" FROMINSTANCE ="SQ_Andhra_Health_Data" FROMINSTANCETYPE ="Source Qualifier" TOFIELD ="HOSP_NAME" TOINSTANCE ="exp_STG_Andhra_Health_Data" TOINSTANCETYPE ="Expression"/>
        <CONNECTOR FROMFIELD ="HOSP_TYPE" FROMINSTANCE ="SQ_Andhra_Health_Data" FROMINSTANCETYPE ="Source Qualifier" TOFIELD ="HOSP_TYPE" TOINSTANCE ="exp_STG_Andhra_Health_Data" TOINSTANCETYPE ="Expression"/>
        <CONNECTOR FROMFIELD ="HOSP_DISTRICT" FROMINSTANCE ="SQ_Andhra_Health_Data" FROMINSTANCETYPE ="Source Qualifier" TOFIELD ="HOSP_DISTRICT" TOINSTANCE ="exp_STG_Andhra_Health_Data" TOINSTANCETYPE ="Expression"/>
        <CONNECTOR FROMFIELD ="SURGERY_DATE" FROMINSTANCE ="SQ_Andhra_Health_Data" FROMINSTANCETYPE ="Source Qualifier" TOFIELD ="SURGERY_DATE" TOINSTANCE ="exp_STG_Andhra_Health_Data" TOINSTANCETYPE ="Expression"/>
        <CONNECTOR FROMFIELD ="DISCHARGE_DATE" FROMINSTANCE ="SQ_Andhra_Health_Data" FROMINSTANCETYPE ="Source Qualifier" TOFIELD ="DISCHARGE_DATE" TOINSTANCE ="exp_STG_Andhra_Health_Data" TOINSTANCETYPE ="Expression"/>
        <CONNECTOR FROMFIELD ="Mortality_Y___N" FROMINSTANCE ="SQ_Andhra_Health_Data" FROMINSTANCETYPE ="Source Qualifier" TOFIELD ="Mortality_Y___N" TOINSTANCE ="exp_STG_Andhra_Health_Data" TOINSTANCETYPE ="Expression"/>
        <CONNECTOR FROMFIELD ="MORTALITY_DATE" FROMINSTANCE ="SQ_Andhra_Health_Data" FROMINSTANCETYPE ="Source Qualifier" TOFIELD ="MORTALITY_DATE" TOINSTANCE ="exp_STG_Andhra_Health_Data" TOINSTANCETYPE ="Expression"/>
        <CONNECTOR FROMFIELD ="SRC_REGISTRATION" FROMINSTANCE ="SQ_Andhra_Health_Data" FROMINSTANCETYPE ="Source Qualifier" TOFIELD ="SRC_REGISTRATION" TOINSTANCE ="exp_STG_Andhra_Health_Data" TOINSTANCETYPE ="Expression"/>
        <TARGETLOADORDER ORDER ="1" TARGETINSTANCE ="STG_Andhra_Health_data"/>
        <ERPINFO/>
    </MAPPING>
    <CONFIG DESCRIPTION ="Default session configuration object" ISDEFAULT ="YES" NAME ="default_session_config" VERSIONNUMBER ="1">
        <ATTRIBUTE NAME ="Advanced" VALUE =""/>
        <ATTRIBUTE NAME ="Constraint based load ordering" VALUE ="NO"/>
        <ATTRIBUTE NAME ="Cache LOOKUP() function" VALUE ="YES"/>
        <ATTRIBUTE NAME ="Default buffer block size" VALUE ="Auto"/>
        <ATTRIBUTE NAME ="Line Sequential buffer length" VALUE ="1024"/>
        <ATTRIBUTE NAME ="Maximum Memory Allowed For Auto Memory Attributes" VALUE ="512MB"/>
        <ATTRIBUTE NAME ="Maximum Percentage of Total Memory Allowed For Auto Memory Attributes" VALUE ="5"/>
        <ATTRIBUTE NAME ="Additional Concurrent Pipelines for Lookup Cache Creation" VALUE ="Auto"/>
        <ATTRIBUTE NAME ="Custom Properties" VALUE =""/>
        <ATTRIBUTE NAME ="Pre-build lookup cache" VALUE ="Auto"/>
        <ATTRIBUTE NAME ="Optimization Level" VALUE ="Medium"/>
        <ATTRIBUTE NAME ="DateTime Format String" VALUE ="MM/DD/YYYY HH24:MI:SS.US"/>
        <ATTRIBUTE NAME ="Pre 85 Timestamp Compatibility" VALUE ="NO"/>
        <ATTRIBUTE NAME ="Log Options" VALUE ="0"/>
        <ATTRIBUTE NAME ="Save session log by" VALUE ="Session runs"/>
        <ATTRIBUTE NAME ="Save session log for these runs" VALUE ="0"/>
        <ATTRIBUTE NAME ="Session Log File Max Size" VALUE ="0"/>
        <ATTRIBUTE NAME ="Session Log File Max Time Period" VALUE ="0"/>
        <ATTRIBUTE NAME ="Maximum Partial Session Log Files" VALUE ="1"/>
        <ATTRIBUTE NAME ="Writer Commit Statistics Log Frequency" VALUE ="1"/>
        <ATTRIBUTE NAME ="Writer Commit Statistics Log Interval" VALUE ="0"/>
        <ATTRIBUTE NAME ="Error handling" VALUE =""/>
        <ATTRIBUTE NAME ="Stop on errors" VALUE ="0"/>
        <ATTRIBUTE NAME ="Override tracing" VALUE ="None"/>
        <ATTRIBUTE NAME ="On Stored Procedure error" VALUE ="Stop"/>
        <ATTRIBUTE NAME ="On Pre-session command task error" VALUE ="Stop"/>
        <ATTRIBUTE NAME ="On Pre-Post SQL error" VALUE ="Stop"/>
        <ATTRIBUTE NAME ="Enable Recovery" VALUE ="NO"/>
        <ATTRIBUTE NAME ="Error Log Type" VALUE ="None"/>
        <ATTRIBUTE NAME ="Error Log Table Name Prefix" VALUE =""/>
        <ATTRIBUTE NAME ="Error Log File Name" VALUE ="PMError.log"/>
        <ATTRIBUTE NAME ="Log Source Row Data" VALUE ="NO"/>
        <ATTRIBUTE NAME ="Data Column Delimiter" VALUE ="|"/>
        <ATTRIBUTE NAME ="Partitioning Options" VALUE =""/>
        <ATTRIBUTE NAME ="Dynamic Partitioning" VALUE ="Disabled"/>
        <ATTRIBUTE NAME ="Number of Partitions" VALUE ="1"/>
        <ATTRIBUTE NAME ="Multiplication Factor" VALUE ="Auto"/>
        <ATTRIBUTE NAME ="Session on Grid" VALUE =""/>
        <ATTRIBUTE NAME ="Is Enabled" VALUE ="NO"/>
    </CONFIG>
    <WORKFLOW DESCRIPTION ="" ISENABLED ="YES" ISRUNNABLESERVICE ="NO" ISSERVICE ="NO" ISVALID ="YES" NAME ="wf_STG_Andhra_Health_data" REUSABLE_SCHEDULER ="NO" SCHEDULERNAME ="Scheduler" SERVERNAME ="INFA_INIT" SERVER_DOMAINNAME ="Domain" SUSPEND_ON_ERROR ="NO" TASKS_MUST_RUN_ON_SERVER ="NO" VERSIONNUMBER ="1">
        <SCHEDULER DESCRIPTION ="" NAME ="Scheduler" REUSABLE ="NO" VERSIONNUMBER ="1">
            <SCHEDULEINFO SCHEDULETYPE ="ONDEMAND"/>
        </SCHEDULER>
        <TASK DESCRIPTION ="" NAME ="Start" REUSABLE ="NO" TYPE ="Start" VERSIONNUMBER ="1"/>
        <TASK DESCRIPTION ="" NAME ="Command" REUSABLE ="NO" TYPE ="Command" VERSIONNUMBER ="1">
            <ATTRIBUTE NAME ="Fail task if any command fails" VALUE ="YES"/>
            <ATTRIBUTE NAME ="Recovery Strategy" VALUE ="Fail task and continue workflow"/>
            <VALUEPAIR EXECORDER ="1" NAME ="Command1" REVERSEASSIGNMENT ="NO" VALUE ="pmcmd startworkflow -sv INFA_INIT -d Domain -u Administrator -p admin -f capstone wf_fact"/>
        </TASK>
        <SESSION DESCRIPTION ="" ISVALID ="YES" MAPPINGNAME ="m_stg_andhra_health_data" NAME ="s_m_stg_andhra_health_data" REUSABLE ="NO" SORTORDER ="Binary" VERSIONNUMBER ="1">
            <SESSTRANSFORMATIONINST ISREPARTITIONPOINT ="NO" PIPELINE ="0" SINSTANCENAME ="Andhra_Health_Data" STAGE ="0" TRANSFORMATIONNAME ="Andhra_Health_Data" TRANSFORMATIONTYPE ="Source Definition">
                <FLATFILE CODEPAGE ="MS1252" CONSECDELIMITERSASONE ="NO" DELIMITED ="YES" DELIMITERS ="," ESCAPE_CHARACTER ="" KEEPESCAPECHAR ="NO" LINESEQUENTIAL ="NO" MULTIDELIMITERSASAND ="YES" NULLCHARTYPE ="ASCII" NULL_CHARACTER ="*" PADBYTES ="1" QUOTE_CHARACTER ="DOUBLE" REPEATABLE ="NO" ROWDELIMITER ="0" SKIPROWS ="1" STRIPTRAILINGBLANKS ="NO"/>
            </SESSTRANSFORMATIONINST>
            <SESSTRANSFORMATIONINST ISREPARTITIONPOINT ="YES" PARTITIONTYPE ="PASS THROUGH" PIPELINE ="1" SINSTANCENAME ="SQ_Andhra_Health_Data" STAGE ="2" TRANSFORMATIONNAME ="SQ_Andhra_Health_Data" TRANSFORMATIONTYPE ="Source Qualifier"/>
            <SESSTRANSFORMATIONINST ISREPARTITIONPOINT ="NO" PIPELINE ="1" SINSTANCENAME ="exp_STG_Andhra_Health_Data" STAGE ="2" TRANSFORMATIONNAME ="exp_STG_Andhra_Health_Data" TRANSFORMATIONTYPE ="Expression">
                <PARTITION DESCRIPTION ="" NAME ="Partition #1"/>
            </SESSTRANSFORMATIONINST>
            <SESSTRANSFORMATIONINST ISREPARTITIONPOINT ="YES" PARTITIONTYPE ="PASS THROUGH" PIPELINE ="1" SINSTANCENAME ="STG_Andhra_Health_data" STAGE ="3" TRANSFORMATIONNAME ="STG_Andhra_Health_data" TRANSFORMATIONTYPE ="Target Definition"/>
            <CONFIGREFERENCE REFOBJECTNAME ="default_session_config" TYPE ="Session config"/>
            <SESSIONEXTENSION DSQINSTNAME ="SQ_Andhra_Health_Data" DSQINSTTYPE ="Source Qualifier" NAME ="File Reader" SINSTANCENAME ="Andhra_Health_Data" SUBTYPE ="File Reader" TRANSFORMATIONTYPE ="Source Definition" TYPE ="READER">
                <CONNECTIONREFERENCE CNXREFNAME ="Connection" CONNECTIONNAME ="" CONNECTIONNUMBER ="1" CONNECTIONSUBTYPE ="" CONNECTIONTYPE ="" VARIABLE =""/>
                <ATTRIBUTE NAME ="Input Type" VALUE ="File"/>
                <ATTRIBUTE NAME ="Concurrent read partitioning" VALUE ="Optimize throughput"/>
                <ATTRIBUTE NAME ="Command Type" VALUE ="Command Generating Data"/>
                <ATTRIBUTE NAME ="Source filetype" VALUE ="Direct"/>
                <ATTRIBUTE NAME ="Source file directory" VALUE ="$PMSourceFileDir&#x5c;"/>
                <ATTRIBUTE NAME ="Source filename" VALUE ="Andhra_Health_data.csv"/>
                <ATTRIBUTE NAME ="Command" VALUE =""/>
                <ATTRIBUTE NAME ="File Reader Truncate String Null" VALUE ="NO"/>
                <ATTRIBUTE NAME ="Codepage Parameter" VALUE =""/>
            </SESSIONEXTENSION>
            <SESSIONEXTENSION NAME ="File Reader" SINSTANCENAME ="SQ_Andhra_Health_Data" SUBTYPE ="File Reader" TRANSFORMATIONTYPE ="Source Qualifier" TYPE ="READER"/>
            <SESSIONEXTENSION NAME ="Relational Writer" SINSTANCENAME ="STG_Andhra_Health_data" SUBTYPE ="Relational Writer" TRANSFORMATIONTYPE ="Target Definition" TYPE ="WRITER">
                <CONNECTIONREFERENCE CNXREFNAME ="DB Connection" CONNECTIONNAME ="capstone" CONNECTIONNUMBER ="1" CONNECTIONSUBTYPE ="Microsoft SQL Server" CONNECTIONTYPE ="Relational" VARIABLE =""/>
                <ATTRIBUTE NAME ="Target load type" VALUE ="Normal"/>
                <ATTRIBUTE NAME ="Insert" VALUE ="YES"/>
                <ATTRIBUTE NAME ="Update as Update" VALUE ="YES"/>
                <ATTRIBUTE NAME ="Update as Insert" VALUE ="NO"/>
                <ATTRIBUTE NAME ="Update else Insert" VALUE ="NO"/>
                <ATTRIBUTE NAME ="Delete" VALUE ="YES"/>
                <ATTRIBUTE NAME ="Truncate target table option" VALUE ="NO"/>
                <ATTRIBUTE NAME ="Reject file directory" VALUE ="$PMBadFileDir&#x5c;"/>
                <ATTRIBUTE NAME ="Reject filename" VALUE ="stg_andhra_health_data1.bad"/>
            </SESSIONEXTENSION>
            <ATTRIBUTE NAME ="General Options" VALUE =""/>
            <ATTRIBUTE NAME ="Write Backward Compatible Session Log File" VALUE ="NO"/>
            <ATTRIBUTE NAME ="Session Log File Name" VALUE ="s_m_stg_andhra_health_data.log"/>
            <ATTRIBUTE NAME ="Session Log File directory" VALUE ="$PMSessionLogDir&#x5c;"/>
            <ATTRIBUTE NAME ="Parameter Filename" VALUE =""/>
            <ATTRIBUTE NAME ="Enable Test Load" VALUE ="NO"/>
            <ATTRIBUTE NAME ="$Source connection value" VALUE =""/>
            <ATTRIBUTE NAME ="$Target connection value" VALUE =""/>
            <ATTRIBUTE NAME ="Treat source rows as" VALUE ="Insert"/>
            <ATTRIBUTE NAME ="Commit Type" VALUE ="Target"/>
            <ATTRIBUTE NAME ="Commit Interval" VALUE ="10000"/>
            <ATTRIBUTE NAME ="Commit On End Of File" VALUE ="YES"/>
            <ATTRIBUTE NAME ="Rollback Transactions on Errors" VALUE ="NO"/>
            <ATTRIBUTE NAME ="Recovery Strategy" VALUE ="Fail task and continue workflow"/>
            <ATTRIBUTE NAME ="Java Classpath" VALUE =""/>
            <ATTRIBUTE NAME ="Performance" VALUE =""/>
            <ATTRIBUTE NAME ="DTM buffer size" VALUE ="Auto"/>
            <ATTRIBUTE NAME ="Collect performance data" VALUE ="NO"/>
            <ATTRIBUTE NAME ="Write performance data to repository" VALUE ="NO"/>
            <ATTRIBUTE NAME ="Incremental Aggregation" VALUE ="NO"/>
            <ATTRIBUTE NAME ="Enable high precision" VALUE ="NO"/>
            <ATTRIBUTE NAME ="Session retry on deadlock" VALUE ="NO"/>
            <ATTRIBUTE NAME ="Pushdown Optimization" VALUE ="None"/>
            <ATTRIBUTE NAME ="Allow Temporary View for Pushdown" VALUE ="NO"/>
            <ATTRIBUTE NAME ="Allow Temporary Sequence for Pushdown" VALUE ="NO"/>
            <ATTRIBUTE NAME ="Allow Pushdown for User Incompatible Connections" VALUE ="NO"/>
        </SESSION>
        <TASKINSTANCE DESCRIPTION ="" ISENABLED ="YES" NAME ="Start" REUSABLE ="NO" TASKNAME ="Start" TASKTYPE ="Start"/>
        <TASKINSTANCE DESCRIPTION ="" FAIL_PARENT_IF_INSTANCE_DID_NOT_RUN ="NO" FAIL_PARENT_IF_INSTANCE_FAILS ="NO" ISENABLED ="YES" NAME ="s_m_stg_andhra_health_data" REUSABLE ="NO" TASKNAME ="s_m_stg_andhra_health_data" TASKTYPE ="Session" TREAT_INPUTLINK_AS_AND ="YES"/>
        <TASKINSTANCE DESCRIPTION ="" FAIL_PARENT_IF_INSTANCE_DID_NOT_RUN ="NO" FAIL_PARENT_IF_INSTANCE_FAILS ="NO" ISENABLED ="YES" NAME ="Command" REUSABLE ="NO" TASKNAME ="Command" TASKTYPE ="Command" TREAT_INPUTLINK_AS_AND ="YES"/>
        <WORKFLOWLINK CONDITION ="" FROMTASK ="Start" TOTASK ="s_m_stg_andhra_health_data"/>
        <WORKFLOWLINK CONDITION ="" FROMTASK ="s_m_stg_andhra_health_data" TOTASK ="Command"/>
        <WORKFLOWVARIABLE DATATYPE ="date/time" DEFAULTVALUE ="" DESCRIPTION ="The time this task started" ISNULL ="NO" ISPERSISTENT ="NO" NAME ="$Start.StartTime" USERDEFINED ="NO"/>
        <WORKFLOWVARIABLE DATATYPE ="date/time" DEFAULTVALUE ="" DESCRIPTION ="The time this task completed" ISNULL ="NO" ISPERSISTENT ="NO" NAME ="$Start.EndTime" USERDEFINED ="NO"/>
        <WORKFLOWVARIABLE DATATYPE ="integer" DEFAULTVALUE ="" DESCRIPTION ="Status of this task&apos;s execution" ISNULL ="NO" ISPERSISTENT ="NO" NAME ="$Start.Status" USERDEFINED ="NO"/>
        <WORKFLOWVARIABLE DATATYPE ="integer" DEFAULTVALUE ="" DESCRIPTION ="Status of the previous task that is not disabled" ISNULL ="NO" ISPERSISTENT ="NO" NAME ="$Start.PrevTaskStatus" USERDEFINED ="NO"/>
        <WORKFLOWVARIABLE DATATYPE ="integer" DEFAULTVALUE ="" DESCRIPTION ="Error code for this task&apos;s execution" ISNULL ="NO" ISPERSISTENT ="NO" NAME ="$Start.ErrorCode" USERDEFINED ="NO"/>
        <WORKFLOWVARIABLE DATATYPE ="string" DEFAULTVALUE ="" DESCRIPTION ="Error message for this task&apos;s execution" ISNULL ="NO" ISPERSISTENT ="NO" NAME ="$Start.ErrorMsg" USERDEFINED ="NO"/>
        <WORKFLOWVARIABLE DATATYPE ="date/time" DEFAULTVALUE ="" DESCRIPTION ="The time this task started" ISNULL ="NO" ISPERSISTENT ="NO" NAME ="$s_m_stg_andhra_health_data.StartTime" USERDEFINED ="NO"/>
        <WORKFLOWVARIABLE DATATYPE ="date/time" DEFAULTVALUE ="" DESCRIPTION ="The time this task completed" ISNULL ="NO" ISPERSISTENT ="NO" NAME ="$s_m_stg_andhra_health_data.EndTime" USERDEFINED ="NO"/>
        <WORKFLOWVARIABLE DATATYPE ="integer" DEFAULTVALUE ="" DESCRIPTION ="Status of this task&apos;s execution" ISNULL ="NO" ISPERSISTENT ="NO" NAME ="$s_m_stg_andhra_health_data.Status" USERDEFINED ="NO"/>
        <WORKFLOWVARIABLE DATATYPE ="integer" DEFAULTVALUE ="" DESCRIPTION ="Status of the previous task that is not disabled" ISNULL ="NO" ISPERSISTENT ="NO" NAME ="$s_m_stg_andhra_health_data.PrevTaskStatus" USERDEFINED ="NO"/>
        <WORKFLOWVARIABLE DATATYPE ="integer" DEFAULTVALUE ="" DESCRIPTION ="Error code for this task&apos;s execution" ISNULL ="NO" ISPERSISTENT ="NO" NAME ="$s_m_stg_andhra_health_data.ErrorCode" USERDEFINED ="NO"/>
        <WORKFLOWVARIABLE DATATYPE ="string" DEFAULTVALUE ="" DESCRIPTION ="Error message for this task&apos;s execution" ISNULL ="NO" ISPERSISTENT ="NO" NAME ="$s_m_stg_andhra_health_data.ErrorMsg" USERDEFINED ="NO"/>
        <WORKFLOWVARIABLE DATATYPE ="integer" DEFAULTVALUE ="" DESCRIPTION ="Rows successfully read" ISNULL ="NO" ISPERSISTENT ="NO" NAME ="$s_m_stg_andhra_health_data.SrcSuccessRows" USERDEFINED ="NO"/>
        <WORKFLOWVARIABLE DATATYPE ="integer" DEFAULTVALUE ="" DESCRIPTION ="Rows failed to read" ISNULL ="NO" ISPERSISTENT ="NO" NAME ="$s_m_stg_andhra_health_data.SrcFailedRows" USERDEFINED ="NO"/>
        <WORKFLOWVARIABLE DATATYPE ="integer" DEFAULTVALUE ="" DESCRIPTION ="Rows successfully loaded" ISNULL ="NO" ISPERSISTENT ="NO" NAME ="$s_m_stg_andhra_health_data.TgtSuccessRows" USERDEFINED ="NO"/>
        <WORKFLOWVARIABLE DATATYPE ="integer" DEFAULTVALUE ="" DESCRIPTION ="Rows failed to load" ISNULL ="NO" ISPERSISTENT ="NO" NAME ="$s_m_stg_andhra_health_data.TgtFailedRows" USERDEFINED ="NO"/>
        <WORKFLOWVARIABLE DATATYPE ="integer" DEFAULTVALUE ="" DESCRIPTION ="Total number of transformation errors" ISNULL ="NO" ISPERSISTENT ="NO" NAME ="$s_m_stg_andhra_health_data.TotalTransErrors" USERDEFINED ="NO"/>
        <WORKFLOWVARIABLE DATATYPE ="integer" DEFAULTVALUE ="" DESCRIPTION ="First error code" ISNULL ="NO" ISPERSISTENT ="NO" NAME ="$s_m_stg_andhra_health_data.FirstErrorCode" USERDEFINED ="NO"/>
        <WORKFLOWVARIABLE DATATYPE ="string" DEFAULTVALUE ="" DESCRIPTION ="First error message" ISNULL ="NO" ISPERSISTENT ="NO" NAME ="$s_m_stg_andhra_health_data.FirstErrorMsg" USERDEFINED ="NO"/>
        <WORKFLOWVARIABLE DATATYPE ="date/time" DEFAULTVALUE ="" DESCRIPTION ="The time this task started" ISNULL ="NO" ISPERSISTENT ="NO" NAME ="$Command.StartTime" USERDEFINED ="NO"/>
        <WORKFLOWVARIABLE DATATYPE ="date/time" DEFAULTVALUE ="" DESCRIPTION ="The time this task completed" ISNULL ="NO" ISPERSISTENT ="NO" NAME ="$Command.EndTime" USERDEFINED ="NO"/>
        <WORKFLOWVARIABLE DATATYPE ="integer" DEFAULTVALUE ="" DESCRIPTION ="Status of this task&apos;s execution" ISNULL ="NO" ISPERSISTENT ="NO" NAME ="$Command.Status" USERDEFINED ="NO"/>
        <WORKFLOWVARIABLE DATATYPE ="integer" DEFAULTVALUE ="" DESCRIPTION ="Status of the previous task that is not disabled" ISNULL ="NO" ISPERSISTENT ="NO" NAME ="$Command.PrevTaskStatus" USERDEFINED ="NO"/>
        <WORKFLOWVARIABLE DATATYPE ="integer" DEFAULTVALUE ="" DESCRIPTION ="Error code for this task&apos;s execution" ISNULL ="NO" ISPERSISTENT ="NO" NAME ="$Command.ErrorCode" USERDEFINED ="NO"/>
        <WORKFLOWVARIABLE DATATYPE ="string" DEFAULTVALUE ="" DESCRIPTION ="Error message for this task&apos;s execution" ISNULL ="NO" ISPERSISTENT ="NO" NAME ="$Command.ErrorMsg" USERDEFINED ="NO"/>
        <ATTRIBUTE NAME ="Parameter Filename" VALUE =""/>
        <ATTRIBUTE NAME ="Write Backward Compatible Workflow Log File" VALUE ="NO"/>
        <ATTRIBUTE NAME ="Workflow Log File Name" VALUE ="wf_STG_Andhra_Health_data.log"/>
        <ATTRIBUTE NAME ="Workflow Log File Directory" VALUE ="$PMWorkflowLogDir&#x5c;"/>
        <ATTRIBUTE NAME ="Save Workflow log by" VALUE ="By runs"/>
        <ATTRIBUTE NAME ="Save workflow log for these runs" VALUE ="0"/>
        <ATTRIBUTE NAME ="Service Name" VALUE =""/>
        <ATTRIBUTE NAME ="Service Timeout" VALUE ="0"/>
        <ATTRIBUTE NAME ="Is Service Visible" VALUE ="NO"/>
        <ATTRIBUTE NAME ="Is Service Protected" VALUE ="NO"/>
        <ATTRIBUTE NAME ="Fail task after wait time" VALUE ="0"/>
        <ATTRIBUTE NAME ="Enable HA recovery" VALUE ="NO"/>
        <ATTRIBUTE NAME ="Automatically recover terminated tasks" VALUE ="NO"/>
        <ATTRIBUTE NAME ="Service Level Name" VALUE ="Default"/>
        <ATTRIBUTE NAME ="Allow concurrent run with unique run instance name" VALUE ="NO"/>
        <ATTRIBUTE NAME ="Allow concurrent run with same run instance name" VALUE ="NO"/>
        <ATTRIBUTE NAME ="Maximum number of concurrent runs" VALUE ="0"/>
        <ATTRIBUTE NAME ="Assigned Web Services Hubs" VALUE =""/>
        <ATTRIBUTE NAME ="Maximum number of concurrent runs per Hub" VALUE ="1000"/>
        <ATTRIBUTE NAME ="Expected Service Time" VALUE ="1"/>
    </WORKFLOW>
</FOLDER>
</REPOSITORY>
</POWERMART>